utterance,intent
12시 땡!,일상
1지망 학교 떨어졌어,일상
3박4일 놀러가고 싶다,일상
3박4일 정도 놀러가고 싶다,일상
PPL 심하네,일상
SD카드 망가졌어,일상
SD카드 안돼,일상
SNS 맞팔 왜 안하지,일상
SNS 시간낭비인 거 아는데 매일 하는 중,일상
SNS 시간낭비인데 자꾸 보게됨,일상
SNS보면 나만 빼고 다 행복해보여,일상
가끔 궁금해,일상
가끔 뭐하는지 궁금해,일상
가끔은 혼자인게 좋다,일상
가난한 자의 설움,일상
가만 있어도 땀난다,일상
가상화폐 쫄딱 망함,일상
가스불 켜고 나갔어,일상
가스불 켜놓고 나온거 같아,일상
가스비 너무 많이 나왔다.,일상
가스비 비싼데 감기 걸리겠어,일상
가스비 장난 아님,일상
가장 확실한 건 뭘까?,일상
가족 여행 가기로 했어,일상
가족 여행 고고,일상
가족 여행 어디로 가지?,일상
가족 있어?,일상
가족관계 알려 줘,일상
가족끼리 여행간다.,일상
가족들 보고 싶어,일상
가족들이랑 서먹해,일상
가족들이랑 서먹해졌어,일상
가족들이랑 어디 가지?,일상
가족들이랑 여행 갈거야,일상
가족여행 가야지,일상
가족이 누구야?,일상
가족이랑 여행 가려고,일상
가족한테 스트레스 풀었어,일상
가출할까?,일상
가출해도 갈 데가 없어,일상
간만에 떨리니까 좋더라,일상
간만에 쇼핑 중,일상
간만에 휴식 중,일상
간식 뭐 먹을까,일상
간식 추천,일상
간장치킨 시켜야지,일상
간접흡연 싫어,일상
갈까 말까 고민 돼,일상
갈까 말까?,일상
감 말랭이 먹고 싶다.,일상
감 말랭이 먹어야지,일상
감기 같애,일상
감기 걸린 것 같아,일상
감기 기운이 있어,일상
감기 들 거 같애,일상
감기가 오려나,일상
감기약이 없어,일상
감기인거 같애,일상
감미로운 목소리 좋아,일상
감정이 쓰레기통처럼 엉망진창이야,일상
감정컨트롤을 못하겠어,일상
감정컨트롤이 안돼,일상
감히 나를 무시하는 애가 있어,일상
갑자기 나쁜 생각이 막 들더라,일상
갑자기 눈물 나,일상
갑자기 물어봐서 당황했어,일상
갑자기 불편한 사이가 된 거 같아,일상
강렬한 첫인상 남겨야 하는데,일상
강아지 키우고 싶어,일상
강아지 키우고 싶은데 역시 안돼겠지,일상
강아지 키울 수 있을까,일상
강아지 키울까,일상
강원도 가서 살까?,일상
같이 게임하자고 해도 되나?,일상
같이 놀러갈 친구가 없어,일상
같이 먹었는데 나만 살찐 거 같아,일상
같이 수영장 가기로 했어,일상
같이 있으면 힘든데 붙잡고 싶어,일상
같이 피씨방 가자고 해볼까?,일상
같이 할 수 있는 취미 생활 뭐 있을까,일상
개강룩 입어볼까,일상
개강옷 예쁘게 입어 볼까,일상
개강이다,일상
개강이라니,일상
개같은 상황,일상
개같이 되버렸어.,일상
개기름 꼈어,일상
개념도 놓고 옴,일상
개념이 없어,일상
개당황,일상
개당황했잖아 갑자기 물어 봐서,일상
개인적인 업무까지 다 시켜,일상
개인적인 일도 다 시켜,일상
개졸려,일상
개좋아,일상
개학하니까 좋다,일상
걔 너무 싫다,일상
걔는 누굴 닮아서 그런거니?,일상
걔랑 같은 반 됐으면 좋겠다,일상
거지 같이 일해 놓고 갔어,일상
거지됐어,일상
거짓말 했어,일상
거짓말을 나도 모르게 자꾸 해,일상
거짓말을 하게 돼,일상
거짓말이 거짓말을 낳아,일상
걱정 없이 살고파,일상
걱정 좀 없이 살고 싶다.,일상
건강 관리,일상
건강 빨리 회복해야지,일상
건강검진 왔어,일상
건강검진하러 옴,일상
건강이 최고,일상
건강이 최고인 것 같아,일상
건강하게 다이어트 하는 방법,일상
건강한 다이어트법,일상
건너건너 아는 사람인데 연락해도 될까?,일상
건물주 되고싶어,일상
건물주가 짱인데,일상
건방져,일상
건조기 살까봐,일상
건조하네,일상
걸레질도 해야 돼,일상
걸어 가고 있는데 깜깜해서 무서워,일상
겁난다,일상
게으른 동료가 있어,일상
게임 같이 하자고 할까?,일상
게임 때문에 시간 다갔어,일상
게임 때문에 폰이 점점 느려지는듯,일상
게임 재미있어.,일상
게임 지겨워,일상
게임도 이제 재미없어,일상
게임하고 싶어,일상
게임하다 시간 다갔어,일상
겨울 지나 봄이야,일상
겨울에는 온천이지!,일상
겨울이 가고 봄이 올거야,일상
격려 좀 해줘,일상
격려가 필요해.,일상
견과류 챙겨 먹어야지.,일상
결국 이런 운명이라니 슬프다,일상
결정 못하겠어.,일상
결정은 빠르면 빠를 수록 좋겠지?,일상
결정은 빠를수록 좋겠지?,일상
결정을 못 내리겠어. 어떻해,일상
결정적인 물증이 없어,일상
결혼 했는데.,일상
결혼 했어,일상
결혼도 다 돈이다.,일상
결혼식 가기 귀찮아,일상
결혼식 또 가야돼,일상
결혼식때 하객이 없을 까봐 걱정돼,일상
결혼식이 너무 많아,일상
결혼이나 하지 왜 자꾸 나한테 화 내냐구!,일상
결혼준비 돈 많이 들겠지,일상
결혼준비하는데 돈 얼마나 드나,일상
결혼하는데 돈 많이 드네,일상
결혼하는데 돈 얼마나 들까,일상
결혼하면 좋아?,일상
결혼하면 좋을까,일상
결혼하면 행복할까?,일상
결혼하면 행복해?,일상
결혼하면 행복해질까?,일상
결혼할까,일상
결혼해도 되나,일상
결혼해도 될까,일상
결혼해야 하나,일상
경쟁이 너무 치열해,일상
계속 공부해도 될까,일상
계속 도전하는 거 귀찮아,일상
계속 방학이면 좋을텐데,일상
계속 보고 싶어,일상
계속 보고 싶으면 어떡해?,일상
계속 속이 진짜 안 좋아,일상
계속 엇갈리는 느낌,일상
계속 학생하고 싶어,일상
계속 한숨만 나와,일상
고3은 공부만 해야겠지.,일상
고3이니까 공부해야겠지,일상
고구마 다이어트 해야지,일상
고구마만 먹고 다이어트 해야지,일상
고기 구워 먹고 싶다.,일상
고기 먹고 싶어,일상
고데기 망했어,일상
고데기 했는데 망했어,일상
고독한 밤,일상
고마운 사람들이 많아,일상
고무신 거꾸로 신으면 어쩌지,일상
고민 있어,일상
고민 좀 들어줄래,일상
고백하고 후회하면 어떡하지,일상
고시원 너무 답답해,일상
고시원 답답해,일상
고시원에서 나가고 싶어,일상
고시원에서 탈출하고 싶어,일상
고양이 동영상 보는 중,일상
고양이 키우고 싶어,일상
고의는 아닌데 실수를 한 거 같아,일상
고집 센 사람,일상
고집하고는,일상
골프 못 치는데,일상
골프 배워야 돼,일상
골프 어려워,일상
골프치러 가야돼,일상
곱창 먹고 싶어.,일상
곱창 생각나,일상
공무원 괜찮겠지,일상
공무원 되고 싶다,일상
공무원 되면 좋겠다,일상
공무원 시험 공부 힘들다,일상
공무원 시험 죽을 거 같아,일상
공무원 시험 힘들어,일상
공무원 준비할까,일상
공무원이 좋지?,일상
공복이라 신경이 예민해져,일상
공복이라 예민해,일상
공복이면 예민함?,일상
공부 계속해도 될까,일상
공부 꼭 해야 할까,일상
공부 때려치워야 하나,일상
공부 시작해도 될까,일상
공부 왜 해야 돼?,일상
공부 잘 안돼,일상
공부 잘하고 싶어,일상
공부 좀 더 할 걸,일상
공부 하기 싫다,일상
공부는 내 체질이 아닌 것 같아,일상
공부로 먹고 살 수 있을까,일상
공부방법이 잘못된걸까?,일상
공부하기 싫어,일상
공부하기 싫은 날,일상
공부하는 낙이 없어,일상
공부하는 이유?,일상
공부하는 이유가 없어,일상
공시 준비 힘들어,일상
공시 준비중,일상
공시 준비하는데 힘들다,일상
공시생이야,일상
공연 보고 싶어,일상
공연 보러 가고 싶어,일상
공책 필기 나만 힘들어?,일상
공황장애 생겼어.,일상
공황장애 있어,일상
공휴일에는 집이 최고,일상
공휴일에는 집콕,일상
과거는 잊고 앞으로 나아 가야지,일상
과거는 중요하지 않아,일상
과식해서 소화가 안돼,일상
과식했나 봐,일상
과식했다,일상
과외비 부담되겠지?,일상
과외비 비싸?,일상
과일 먹고 자야지,일상
과일 먹어야지.,일상
과일 안 먹게 돼,일상
과일 잘 안 먹게 돼,일상
과일 챙겨 먹어야지,일상
관계가 계속 애매하다.,일상
관심 끄라고 하고 싶다.,일상
관심 좀 안 가졌으면,일상
관절염 같애,일상
관절염인가,일상
광고가 안 끝나,일상
괜찮아지고 있어,일상
괜찮은 사람인데 사귀긴 싫어,일상
괜히 건들지 말라고,일상
괜히 기다렸어,일상
괜히 농담해서 망했다,일상
괜히 아까운 시간 버렸다,일상
괜히 창피해,일상
괴물이 되어 가는 느낌이 들어,일상
교보문고 왔어,일상
교양 수업 재밌어,일상
교양수업 시간에 마음에 드는 애 있어,일상
교양수업 은근 재미져,일상
교양수업에서 마음에 드는 애 있어,일상
교양수업이 재미있어,일상
교양이 전공보다 재미있어,일상
교직이수 가능할까,일상
교통사고 났었어.,일상
교통사고 당했어,일상
교회 가기 싫어,일상
교회 갔다 만났어,일상
교회에서 만났어,일상
구박하면서 엄청 일 시켜,일상
군대 갔다 올 때까지 기다릴 수 있을까,일상
군대 기다려 주려고,일상
군대 기다려도 될까,일상
군대 기다리면 부담스러워할까,일상
군대 기다릴 수 있을까,일상
군대 언제 끝나나,일상
군대 전역 기다려,일상
굿모닝,일상
궁금하면 오백원,일상
궁금하지?,일상
궁금해,일상
궁금해 알려줘,일상
귀 아파,일상
귀가 가려워,일상
귀가 간지러,일상
귀가 윙윙거려,일상
귀농 어때?,일상
그 사람이 나 안 좋아하는 거 같아,일상
그 사람이 나 좋아해줬으면 좋겠다,일상
그 사람이 행복했으면 좋겠다,일상
그 시절엔 다 그랬지,일상
그냥 고백할걸,일상
그냥 공무원이 좋을 듯,일상
그냥 내버려 둬 주었으면,일상
그냥 선 볼까?,일상
그냥 쉬고 싶다,일상
그냥 씹어야겠다.,일상
그냥 이렇게 살고 싶어,일상
그냥 자는 거 아니지?,일상
그냥 잘못했다고 하면 될거 같은데 자꾸 변명해,일상
그냥 택시 타야지.,일상
그냥 할까?,일상
그냥 혼자 밥이나 먹어야지,일상
그냥 혼자 있는게 좋아,일상
그동안 잘 지냈나요?,일상
그땐 그랬지,일상
그래 그러자,일상
그래 이제 결정했어,일상
그래도 좀 기대했는데,일상
그런 말을 왜 하지,일상
그런 사람인가보다 해야하나봐,일상
그런 사람인갑다 해야지,일상
그런 친구 아니었는데 너무 귀찮게 하네,일상
그렇게 갈 거면서,일상
그렇게 오래 살았는데도 이해를 못하겠어,일상
그렇게 할래,일상
그림 잘 그리고 싶다,일상
그림 좀 잘 그렸으면 좋겠다,일상
그만 두고 나오고 싶어,일상
그만 먹어야 하는데,일상
그만 살고싶어,일상
그저 그런 하루,일상
근사한 곳 알아 냈어,일상
근육 있으면 멋있을텐데,일상
금값 알아?,일상
금값 어때,일상
금사빠인가,일상
금수저 물고 태어나면 좋겠지?,일상
금수저로 태어났으면,일상
금수저로 태어났으면 좋았을텐데,일상
금연이 쉽지 않아,일상
기 빨렸어,일상
기념일 다 챙기는거 귀찮아,일상
기념일 또 까먹었어,일상
기념일 못챙겼어,일상
기념일 챙기기 귀찮아,일상
기능 좀 알려줘봐봐,일상
기다리는 것도 지쳐,일상
기다리라고 말 못하겠어,일상
기다림이 습관이 됐나봐,일상
기대가 무너졌어,일상
기대가 부담스러운데 떨쳐낼 수 있는 방법 있을까?,일상
기대하고 있었는데,일상
기대하지 말걸,일상
기대했는데,일상
기댈 수 있는 사람,일상
기력이 없어,일상
기름값 올랐어.,일상
기본이 뭔지도 모르는 것 같아.,일상
기본이 안 되어 있어,일상
기부 좀 했어요,일상
기부했어,일상
기분 꿀꿀해,일상
기분 나쁜 농담을 계속하고 있어,일상
기분 울적해서 좀 걷고 있어,일상
기분 전환 하고 싶어,일상
기분 전환이 필요해,일상
기분이 그지 같아,일상
기분이 더러워,일상
기분이 묘해,일상
기분이 이상해,일상
기숙사 괜찮을까,일상
기숙사 떨어졌어,일상
기숙사 사는거 어떨까?,일상
기숙사 살면 불편해?,일상
기숙사 안됐어,일상
기술 배울까,일상
기차 타고 여행 가고 싶어,일상
기차여행 가고 싶어,일상
기침도 못하겠어,일상
기침도 편하게 못해,일상
기프트콘 받았어!,일상
기프트콘 선물 괜찮을까?,일상
기프트콘 선물해볼까?,일상
기프트콘 주면 좋아할까?,일상
기프트콘으로 선물 받았어,일상
기프트콘으로 선물 해야겠다,일상
기회를 놓쳤어,일상
기회를 못 잡았어,일상
기획사니까 당연히 예쁜 애들 많겠지,일상
기획사에 예쁜 애들 많겠지,일상
긴 머리 관리 어렵다.,일상
긴 머리 관리하는 거 힘들다,일상
긴 시간이 걸렸지만 괜찮아.,일상
긴장 푸는 법 알려줘,일상
긴장돼,일상
긴장돼서 땀나네,일상
길거리에서 연락처 물어보면 줘도 되나,일상
길에서 담배 피우는 사람 싫어,일상
길에서 번호 따였어,일상
길에서 전번 물어보면 줘도 되나,일상
길에서 헌팅 당했어,일상
길은 멀고 해는 진다,일상
길이 미끄러워서 미끄러질뻔했어,일상
길이 안보여,일상
길이 얼어서 미끄러질뻔했어,일상
길이 얼었어,일상
김떡순 먹고 싶어.,일상
김치도 없네,일상
김치볶음밥 먹어야지,일상
김치볶음밥이나 만들어 먹어야지,일상
김치찌개 먹고 싶어,일상
까아 오빠들 컴백한다,일상
깜깜한데 전기 안들어오네,일상
깡 마른 거 같아,일상
꼴 사나워질 것 같은데,일상
꽃 받고 싶다,일상
꽃 사고 싶어,일상
꽃 살까?,일상
꽃 선물 좋아할까,일상
꽃 선물해 볼까,일상
꽃 예쁘게 말렸어,일상
꽃게탕 맛있다.,일상
꽃게탕 진짜 밥도둑,일상
꽃꽂이 배우는 중,일상
꽃꽂이 배우니까 좋다,일상
꽃놀이 가고 싶어,일상
꽃다발 말려봐야지,일상
꽃다발 말리면 에쁘겠지.,일상
꽃다발 받았어,일상
꽃다발 샀어,일상
꽃다발 선물 괜찮지?,일상
꽃다발 선물 받았어,일상
꽃다발 선물 어때?,일상
꽃다발 준비했어,일상
꽃바구니 선물이랑 과일 바구니 선물 뭐가 좋아?,일상
꽃바구니가 좋을까 과일바구니까 좋을까,일상
꽃선물 받고 어,일상
꿀잼,일상
꿈은 많은데,일상
꿈이 너무 많아,일상
꿈이 너무 무서웠어,일상
꿈이 다양해,일상
꿈이 두 개야,일상
꿈이 없어,일상
꿈이 이루어질까?,일상
꿈이 자꾸 바뀌어,일상
꿈이 현실이었으면,일상
끝나니까 허무하다,일상
끝나면 좋을 줄 알았는데.,일상
낌새가 이상하더니 딱 걸렸어,일상
낌새가 있더니 딱 걸렸어,일상
나 감정쓰레기통이었나봐,일상
나 갖고 장난친건가,일상
나 같은 사람은 동물 키우면 안되겠지,일상
나 같이 예쁜 애를 왜 갈구지,일상
나 거짓말 못하겠어,일상
나 결정 잘 한거지?,일상
나 결정했어,일상
나 괜찮지 않니,일상
나 교직이수할 수 있을까?,일상
나 그동안 뭐한거니,일상
나 그지임,일상
나 내일 기숙사 가야돼,일상
나 내장비만이래,일상
나 너무 못 생겼어,일상
나 너무 소심해,일상
나 노트북 사줘,일상
나 놀려먹기 쉬운가?,일상
나 누구게?,일상
나 누락됐나봐,일상
나 다른 거 할까,일상
나 대충한 거 아닌데,일상
나 뒷담화하는 애 어떻게 할까?,일상
나 뒷담화하는 애 있다는데 어떻게 하지?,일상
나 많이 기대했는데,일상
나 말 실수한 거 같아.,일상
나 맨날 속는 거 같아,일상
나 머리 나쁜 듯,일상
나 머리가 나뿐 것 같아,일상
나 먼저 잘게,일상
나 모르는게 왜 이렇게 많지,일상
나 몰래 사귀는 거 같애,일상
나 무시 당한 거 같아,일상
나 무시하는 거 같아,일상
나 무시하는 사람 어떻게 해?,일상
나 무시하는 사람 짜증나,일상
나 문제가 많은거 같아,일상
나 뭐하는 거지,일상
나 미팅한다!,일상
나 바뀌고 싶어,일상
나 바본인가 봄,일상
나 백수야,일상
나 버림 받은 거 같아,일상
나 보이스피싱 당한 거 같은데 어떡해?,일상
나 비만이야,일상
나 사랑하니?,일상
나 상 받는대!,일상
나 새 옷 샀다,일상
나 서류에서 광탈했어,일상
나 소개팅한다!,일상
나 속은 거 같아,일상
나 속은듯,일상
나 수학여행 간다,일상
나 스마트폰 중독인가봐,일상
나 승진했어,일상
나 실수한건가,일상
나 실수했나,일상
나 아재인가,일상
나 아직 어른 아닌 거 같아,일상
나 아직도 애 같아.,일상
나 어때?,일상
나 여기서 뭐하는 거지,일상
나 연기 너무 못해 거짓말 못하겠어,일상
나 열심히 할거야,일상
나 오늘 개불쌍,일상
나 오늘 따라 잘생겨 보이네,일상
나 오늘 상 받았지롱,일상
나 완전 계탔어!,일상
나 왕따야,일상
나 왕따인거 같아,일상
나 왜 멍청해,일상
나 왜 이러지?,일상
나 왜케 못 생겼지,일상
나 요즘 정신 놓고 살고 있는 거 같아,일상
나 욕 먹는 거 같아,일상
나 웃겨 봐,일상
나 은근 무시하는 애 있어,일상
나 이상한가,일상
나 이상해?,일상
나 이제 졸업해,일상
나 인정받고 싶어,일상
나 잘 살 수 있겠지,일상
나 잘생겼지?,일상
나 잘하고 있는 건지 모르겠어,일상
나 잘하고 있는 걸까?,일상
나 잘하는 게 없어,일상
나 잘하는게 없는거같아,일상
나 잘할 수 있을까,일상
나 점점 괴물이 되고 있어,일상
나 정신차리게 말해줘,일상
나 좀 건들지 마,일상
나 좀 건들지 말라고 해,일상
나 좀 내버려 두면 좋겠어,일상
나 좀 내버려 뒀으면,일상
나 좀 안 건들였으면 좋겠어,일상
나 좀 좋아해줬으면,일상
나 좀 쩌는 듯,일상
나 좀 칭찬해줘,일상
나 좋아하게 만들고 싶다,일상
나 좋아하는 것 같아,일상
나 좋아해주는 사람 있겠지?,일상
나 주름살 있나?,일상
나 죽을 뻔함,일상
나 짤릴 거 같아,일상
나 쫌 불쌍한 거 같아,일상
나 챙겨줄 사람이 필요해,일상
나 천재 같아,일상
나 천재임,일상
나 축구는 진짜 잘해,일상
나 친구들한테 인정받고 싶어,일상
나 폭식증인듯,일상
나 폰 중독인 거 같애,일상
나 폰겜 너무 많이해,일상
나 폰겜했더니 몇 시간 갔어,일상
나 할 수 있어,일상
나 함부로 말하는 거 고치고 싶어,일상
나 혼자 야근해,일상
나 혼자 여행 왔는데 괜찮네,일상
나 혼자서 축구 본다,일상
나 화장을 너무 못해,일상
나 화장이 잘 안돼,일상
나 회사에서 인정받고 싶어,일상
나가기도 귀찮아,일상
나는 그냥저냥 사는 거 같아,일상
나는 기분 나쁜데 농담이라고 계속해,일상
나는 나약한 존재,일상
나는 누구인가,일상
나는 모자란 사람인 거 같아,일상
나는 뭐든 할 수 있다.,일상
나는 뭘 잘할까,일상
나는 왜 이 모양일까,일상
나는 왜 이렇게 태어났을까?,일상
나는 왜 태어났을까,일상
나는 잘 할줄 아는 게 없는 것 같아,일상
나는 좋아하는 게 뭘까,일상
나는 좋은데 .,일상
나는 친구가 없어,일상
나는 친구라고 믿었는데,일상
나도 괜찮은 사람인데,일상
나도 대우 받고 싶다고,일상
나도 비키니 입고 싶다,일상
나도 상 받고 싶다,일상
나도 약초 캐볼까?,일상
나도 월급 필요해,일상
나도 위로 받고 싶다,일상
나도 이벤트가 되다니!,일상
나도 이제 아재인가,일상
나도 중국 진출해볼까?,일상
나도 집 사고 싶어,일상
나도 커플룩 입고 싶다,일상
나두 잘할거야,일상
나들이를 가볼까,일상
나란 놈,일상
나랑 놀아줘,일상
나랑 놀자,일상
나랑 상관 없는 이야기들,일상
나랑 있는게 힘들었나봐,일상
나른하다,일상
나를 기다려줬으면 좋겠다,일상
나를 너무 오래 기다리게했어,일상
나를 너무 함부로 대해,일상
나를 미소짓게 만든 너,일상
나를 바꿀 수 있는 건 뭐가 있을까,일상
나를 친구로 생각 안했나봐,일상
나를 호구로 아는 사람 어떡해?,일상
나를 힘들게 하는 사람인데 붙잡고 싶어,일상
나만 갈궈,일상
나만 기다렸나봐,일상
나만 꿈 없이 사는 거 같아,일상
나만 남친 없어,일상
나만 뒤처지는 느낌이야,일상
나만 반친구 없어,일상
나만 빼고 행복해보여,일상
나만 설레나,일상
나만 설레는 거야,일상
나만 솔로야,일상
나만 애기봐,일상
나만 야근해,일상
나만 우스워질거 같아,일상
나만 이상한 사람이래,일상
나만 이상해졌어,일상
나만 일시켜서 짜증폭발,일상
나만 제자리걸음이야,일상
나만 제자리인듯,일상
나만 진급 못했어,일상
나만 친구라고 생각한건가,일상
나만 친구로 생각했나봐,일상
나만 힘든 거 아니지?,일상
나만의 시간이 필요한 것 같아,일상
나만의 시간이 필요해,일상
나빼고 다 행복한 거 같아,일상
나쁜 꿈 꿨어,일상
나이 때문에 무시 받았어,일상
나이 어리다고 무시해,일상
나이가 많은데 취직이 될까,일상
나이도 있으니 영양제 좀 챙겨볼까,일상
나이들면서 눈물이 많아졌어,일상
나이먹으니까 주름살 생겨,일상
나중에 뭐하고 먹고 사냐,일상
나중에 뭐할까 고민이야,일상
나중에 창업해야 겠지,일상
나한테 감추는 게 하나도 없었으면,일상
나한테 거짓말 좀 안 했으면,일상
나한테 냄새 나면 어쩌지?,일상
나한테 냄새 날까?,일상
나한테 너무 많은 걸 바라는 듯,일상
나한테 문제가 많아,일상
나한테 상의 좀 하지,일상
나한테 상의하면 좋을텐데,일상
나한테 이상한 냄새 나나?,일상
나한테 할 말 있대 뭘까?,일상
나한테 행운 좀 왔으면 좋겠어,일상
나한테만 예의 차리래,일상
나한테만 왜 이런 일이 일어날까,일상
나한테만은 완전 솔직했으면,일상
낙엽 밟는 소리 좋다,일상
낙엽밟는 소리,일상
낚시 안 해봤는데,일상
낚시 안 해봤는데 재미있어 보인다,일상
낚시 재밌을까,일상
낚시 좋아하는 남자 어때?,일상
낚시는 무슨 재미?,일상
난 동물 못키울거 같아,일상
난 많이 노력한 거 같은데,일상
난 쓰레기야,일상
난 왜 예쁘게 말을 못할까,일상
난 왜 이모양일까,일상
난 정말 안되겠다,일상
난 진짜 쓰레기야,일상
난 천재다,일상
난방비 비싼데 추워,일상
난방이 안돼,일상
난방이 안돼나 추워,일상
날 몇시간동안이나 기다리게했어,일상
날씨 건조한 거 같애,일상
날씨 왜 이렇게 춥냐,일상
날씨 좀 풀린거 같아,일상
날씨 좋은데,일상
날씨 죽인다,일상
날씨 짱 좋아,일상
날씨 풀렸다,일상
날씨가 너무 눅눅해,일상
날씨가 너무 추워,일상
날씨가 북극같아,일상
날씨가 진짜 덥다,일상
날아 가고 싶어,일상
남동생한테 자꾸 화내게 되네,일상
남들에게 인정받으려면 어떻게 해야 돼?,일상
남들이 날 욕하는 거 같아,일상
남들이 다 손가락질 하는 거 같아,일상
남은 휴가가 없어,일상
남의 눈을 너무 신경써,일상
남의 일 도와줘야 할까,일상
남의 차 긁었어 내 돈,일상
남이 걷지 않는 길을 가려고 해,일상
남자 보통 어디서 만나,일상
남자 어디서 만나,일상
남자 친구가 바래다 줬어,일상
남자 화장하는 거 어때,일상
남자가 낚시를 너무 좋아해,일상
남자가 화장하는 거 어떻게 생각해,일상
남자면 편할 것 같아,일상
남자였으면 좋겠어,일상
남자인지 여자인지 알려줘,일상
남자친구 교회 데려가고 싶어,일상
남자친구 또 운동 갔어,일상
남자친구 생일인데 뭘 줄까,일상
남자친구 승진 선물로 뭐가 좋을까?,일상
남자친구 오늘 따라 훈훈해 보인다,일상
남자친구 오늘 좀 질린다.,일상
남자친구가 나 안 믿어줘,일상
남자친구가 너무 바빠,일상
남자친구가 너무 운동만 해,일상
남자친구가 너무 잘생겼어,일상
남자친구가 데려다줬어,일상
남자친구가 맞춤법을 너무 많이 틀려,일상
남자친구가 사업 시작한대,일상
남자친구가 사업한대,일상
남자친구가 사진 실력 꽝,일상
남자친구가 사진을 너무 못 찍어,일상
남자친구가 안놀아 줘,일상
남자친구가 애교가 많아,일상
남자친구가 욕함,일상
남자친구가 의심해,일상
남자친구가 이벤트 해 주면 좋겠다.,일상
남자친구가 이벤트를 잘 안해줘,일상
남자친구가 입이 험해,일상
남자친구가 자꾸 잔소리해,일상
남자친구가 잔소리가 심해,일상
남자친구가 전화를 잘 안해,일상
남자친구가 전화하는 걸 안 좋아해,일상
남자친구가 홧김에 욕함,일상
남자친구는 어디서 만나,일상
남자친구랑 봉사활동 해보려고,일상
남자친구랑 종교 문제로 다툼,일상
남자친구랑 종교가 달라,일상
남자친구한테 질린 거 같아,일상
남친 SNS에 내 사진 없어,일상
남친 때문에 살찐 듯,일상
남친 보여줄까,일상
남친 생일선물 뭘 주면 좋을까,일상
남친 승진 선물 추천,일상
남친 어디서 만나,일상
남친 프로필에 내 사진 왜 안올릴까,일상
남친 프사에 내 사진 없어,일상
남친이 SNS에 내 사진에 안 올려,일상
남친이 입이 험해,일상
남친한테 교회 가자고 하고 싶어,일상
남편이 나 안 도와줘,일상
남편이 나보다 집안일 더 잘해,일상
남편이 맨날 늦게 들어와,일상
남편이 미워,일상
남편이 아기를 안 돌봐줘.,일상
남편이 왜 애키우는거 안 도와줄까,일상
남편이 육아를 안해,일상
남편이 육아에 무신경해,일상
남편이 집안일 안 도와줘.,일상
남편이 집안일 안 해,일상
남편이 집안일을 너무 잘해,일상
남편이 짜증나게해,일상
남편이 하나도 안 도와줘,일상
남편이 회식이라고 안와,일상
남편이 회식하면 늦게 들어와,일상
낭만이 사라진 것 같아,일상
낭만이 없어,일상
낭만이라고는 없어가지구,일상
내 남자친구 보고 싶어?,일상
내 남자친구 아이돌이면 좋겠다.,일상
내 능력이 너무 모자라,일상
내 마음을 알아줬으면,일상
내 마음을 좀 알아 달라고,일상
내 몸이 여러 개 였으면 좋겠다,일상
내 문제는 뭘까,일상
내 문제점이 뭘까,일상
내 배우자는 어디 있을까,일상
내 배우자도 어디 있을까?,일상
내 사수 너무 깐깐해,일상
내 생각대로 살거야,일상
내 생각이랑 다른 사람 생각이 진짜 다르다는 걸 느껴,일상
내 성격 너무 소심해,일상
내 스타일 아니던데,일상
내 스타일 아니야,일상
내 실력 좀 쩌는 듯,일상
내 얼굴이 읽히나,일상
내 여자친구 아이돌이야,일상
내 외모 맘에 안들어,일상
내 월급만 안 올라,일상
내 의견 좀 존중해 줬으면,일상
내 의견을 존중해줬으면,일상
내 의지는 상관없나봐,일상
내 의지로 안되는 일인가봐,일상
내 이름이 없어,일상
내 인생 답 없어,일상
내 인생은 가시밭길 같아,일상
내 인생의 주인공은 나야,일상
내 일 아닌데 해야 돼?,일상
내 자존감,일상
내 잘못이 뭔지 모르겠어,일상
내 잘못인 거 같은데 말을 못하겠어,일상
내 잘못인 거 같은데 어떻게 털어놓지,일상
내 주제를 모르고 덤빈건가,일상
내 지인한테 내 험담했대,일상
내 집이 생겼어,일상
내 짝은 어디있을까,일상
내 친구에게 내 험담을 하다니,일상
내 키 맞춰 봐,일상
내 키가 몇이게?,일상
내 편이 없는 거 같아,일상
내 편이라고는 하나도 없는 거 같아,일상
내가 그렇게 부족한가,일상
내가 그르친 거 같아,일상
내가 그사람이랑 진짜 결혼해도 될까,일상
내가 기대를 너무 많이 했나봐,일상
내가 나빴네,일상
내가 너무 방심했어,일상
내가 너무 생각없이 말했어,일상
내가 너무 쉽게 보였나?,일상
내가 너무 초라해,일상
내가 다른 무슨 말을 하겠어,일상
내가 만족을 못해,일상
내가 많이 부족한가,일상
내가 말하면 왜 비난만 할까,일상
내가 멍청한거지,일상
내가 무능력하게 느껴져,일상
내가 뭘 잘못했을까,일상
내가 뭘 좋아하는지 잘하는지 모르겠어,일상
내가 바보지,일상
내가 부족하니까 이렇게 밖에 안된거겠지.,일상
내가 불효녀야,일상
내가 불효자야,일상
내가 사랑할 자격이 있나,일상
내가 쉬워보이나?,일상
내가 쓸모없는 인간 같아,일상
내가 아무것도 아닌 사람 같아,일상
내가 왜 해야하는지 모르겠어,일상
내가 원하는 사람이 되기 어려워,일상
내가 이래뵈도 괜찮은 사람인데,일상
내가 이렇게 또 불효를 한다.,일상
내가 이상한 건가?,일상
내가 이상한 사람같아,일상
내가 이상한가?,일상
내가 잘못한 걸까,일상
내가 잘못했다는데 뭔지 안 알려줘,일상
내가 제일 문제인 듯,일상
내가 제정신이 아니다,일상
내가 좋아하는 가수 컴백한다,일상
내가 좋아하는 거 모르나,일상
내가 좋아하는 거 모르는 거 같애,일상
내가 좋아하는 사람과 나를 좋아해주는 사람,일상
내가 좋아하는 사람이 나 안 좋아하는 거 같아,일상
내가 좋아하는 사람이 나 좋아해줬으면 좋겠다,일상
내가 좋아하는 사람이 행복했으면 좋겠다,일상
내가 좋아할 자격이 있나,일상
내가 주제를 몰랐나봐,일상
내가 주제를 몰랐던 거지,일상
내가 죽어도 모를 거 같아,일상
내가 진짜 즐길 수 있을게 뭘까,일상
내가 질린대,일상
내가 참 못난거 같아,일상
내가 호구냐구,일상
내가 희생양이 됐어,일상
내가 힘든 게 많다,일상
내기해서 이겼는데 소원 뭐하지,일상
내년에는 더 행복해질려고 이렇게 힘든가봅니다,일상
내마음을 모르겠어.,일상
내사랑은 어디 있나,일상
내아파트 갖고 싶어.,일상
내일 기대하게 되네,일상
내일 기숙사 들어가,일상
내일 날씨 어때?,일상
내일 날씨 좋을까?,일상
내일 떨린다,일상
내일 만나자고 데쉬?,일상
내일 만나자고 해볼까?,일상
내일 모의고사 본다,일상
내일 모의평가다,일상
내일 발표 나는데 떨려,일상
내일 발표 준비 아자아자,일상
내일 발표 준비하고 있어,일상
내일 발표인데 떨려,일상
내일 비왔으면,일상
내일 소풍간다,일상
내일 수학여행가!,일상
내일 시험이야,일상
내일 약속 있는데 날씨 좋았으면,일상
내일 일찍 일어나야 돼,일상
내일 친구랑 놀까?,일상
내일 클스마스 이브네.,일상
내일 하루 종일 바빠,일상
내일은 기다리던 소풍 간다,일상
내일은 비왔으면 좋겠다.,일상
내일은 친구들랑 놀까?,일상
내일이 기대돼,일상
내일이면 크리스마스 이브네.,일상
내장 비만,일상
낼 데이트하기로했는데 날씨 좋았으면,일상
낼 바쁘넹,일상
냄새 나면 어쩌지?,일상
냄새나면 어쩌지,일상
냄새날 것 같아 걱정이야,일상
냉면 땡긴다,일상
냉방비 너무 많이 나와,일상
냉방비 장난 아님,일상
냉장고 털어도 먹을게 없네,일상
냉장고가 텅비었어,일상
냉장고에 김치도 없네,일상
냉장고에 먹을 게 없네,일상
냉장고에 먹을 게 하나도 없네,일상
너 누구?,일상
너 누구냐,일상
너 누구니?,일상
너 때문이야,일상
너 또 뭐할 줄 알아?,일상
너 만든 사람 최소 천재,일상
너 만든 사람은 누구야?,일상
너 말 잘하니,일상
너 말 제대로 못해?,일상
너 말이 좀 이상하다,일상
너 무서워,일상
너 뭐하는 애야,일상
너 미워,일상
너 이러면 미워한다,일상
너 진짜 쓰레기야,일상
너는 못가잖아,일상
너는 뭐 억었어?,일상
너는 아무일도 없었나봐?,일상
너는 안자?,일상
너덜너덜해진 느낌이야,일상
너도 고민 있니,일상
너도 고민 있어?,일상
너도 몰랐니,일상
너도 무슨 고민 있니,일상
너도 상사 있어,일상
너무 기빨려,일상
너무 기대했나봐,일상
너무 다른 문화인 듯,일상
너무 단순한 것만 하는거 아니니.,일상
너무 더워,일상
너무 더워서 미치겠어,일상
너무 마른 거 같아,일상
너무 많은 걸 바래,일상
너무 많이 먹어서 소화시켜야 하는데 움직이기가 싫어,일상
너무 많이 먹었나봐,일상
너무 많이 먹었어,일상
너무 멋있다,일상
너무 바빠,일상
너무 배가 불러,일상
너무 불공평한거 같애,일상
너무 빨리 대답해,일상
너무 빨리 철 든 거 같아서 마음이 아파,일상
너무 빨리 철 들었어,일상
너무 뻔뻔하게 구는데,일상
너무 어려워,일상
너무 오래 기다리게 한다.,일상
너무 외로워,일상
너무 잘하는 후배가 들어왔어,일상
너무 졸려,일상
너무 초라해지는 느낌이야,일상
너무 추워서 나가기 귀찮아,일상
너무 추워서 시베리아 같아,일상
너무 편해도 안 좋아,일상
너무 편해진 거 같아,일상
너무 허기지네,일상
너무 힘들다,일상
너무 힘들다. 지쳤어.,일상
너무하네 진짜,일상
넌 고민이 뭐야,일상
넌 누구냐?,일상
넘 많이 먹었다.,일상
넘넘 외로워 죽겠어,일상
넘어져서 발목 삔 거 같애,일상
넘어질 뻔했어,일상
넘어질뻔했어,일상
네일 할까,일상
넥타이핀 선물 괜찮겠지?,일상
넥타이핀 정도는 선물로 줘도 괜찮겠지?,일상
노는게 제일 좋아,일상
노래 못해서 노래방 안 가,일상
노래 잘 부르는 사람 부러워,일상
노래 잘하고 싶어,일상
노래 잘하는 사람 부러워,일상
노래방 가고 싶어,일상
노래방 가면 어색할까,일상
노래방 걸 거 같은데 뭐 부르지,일상
노래방 노잼,일상
노래방 데이트 할 거 같은데 뭐 부르지,일상
노력해도 성적이 안 나와,일상
노력해도 안되는 거 같애,일상
노력해도 잘 안되는 공부,일상
노메이크업인데 전남친 만남,일상
노처녀 히스테리,일상
노처녀인데 자꾸 화 낸다,일상
노트북 백업 안까먹고 해야지,일상
노트북 부팅 안돼,일상
노트북 사줘,일상
노트북 안돼,일상
노후 걱정 벌써 해야하나?,일상
노후 걱정할 나이는 아닌데,일상
녹차 마실래?,일상
녹차 한 잔 어때?,일상
논문 쓰기 힘들다,일상
논문이 잘 안 써져.,일상
놀고 싶다.,일상
놀러 와라,일상
놀러가고 싶은데 같이 갈 친구가 없어,일상
놀러가고싶다!,일상
놀러가기 딱 좋은 날씨다,일상
놀리기 쉬운 대상인가봐,일상
놀면서 돈 벌고 싶어,일상
놀아 줄 사람이 없어,일상
놀아 줄거지,일상
놀아줘,일상
놀아줘 놀아줘,일상
놀이공원 데이트 어때?,일상
놀이공원 알바 재밌대,일상
놀이공원 알바하면 재밌겠지,일상
놀이동산 가고 싶어,일상
놀이동산 가자고 해볼까?,일상
놀이터에 친구가 없어,일상
놀이터에서 뛰어 놀고 싶은데 친구가 없어,일상
농구하다 다쳤어,일상
농구하다 무르팍 깨짐,일상
농구하러 가야지,일상
농구해야지,일상
농담처럼 진담하는 사람,일상
농사 짓고 살까?,일상
농촌 봉사활동 간다,일상
농활 간다,일상
뇌용량 초과,일상
누가 내 욕하는 거 같아,일상
누가 만들었니?,일상
누가 문열다 내차 긁었어,일상
누구 소개 좀 시켜줘 봐봐,일상
누구나 힘든거지?,일상
누구냐 넌?,일상
누구랑 결혼해야 할까,일상
누구세요?,일상
누구야,일상
누굴 닮아서 그런건지,일상
누굴 만나는 것도 귀찮아,일상
누락된걸까,일상
누우면 바로 자,일상
누우면 자,일상
누워 있는데 잠이 안 와,일상
눈 또 와,일상
눈 많이 왔어,일상
눈 쌓였어,일상
눈 좀 안 왔으면,일상
눈꺼풀이 무거워,일상
눈물 나서 못 멈추겠어,일상
눈물 나올거 같아,일상
눈물 나올라 그래,일상
눈물이 많아졌어,일상
눈썹 문신 어때?,일상
눈썹 문신 하면 편할까?,일상
눈썹 문신 해볼까,일상
눈썹이 귀여워,일상
눈썹이 씰룩씰룩,일상
눈이 건조해,일상
눈이 계속 뻑뻑해,일상
눈이 너무 나빠졌어,일상
눈이 너무 많이 와,일상
눈이 뻑뻑해,일상
눈이 아파,일상
눈이 안 떠져,일상
눈이 자꾸 나빠지는 것 같아,일상
눈이 침침해,일상
눈이 피곤해,일상
눕자마자 잘 거 같아,일상
뉴게임 없나?,일상
뉴스 재미없어,일상
뉴스는 역시 지루해,일상
느낌이 왔어,일상
느낌이 좋아,일상
늘 빡빡하게 살기 힘드네,일상
능력이 너무 안돼,일상
능력이 없는 거 같아,일상
능력치 제로,일상
늦게 까지 술 먹나 보다,일상
늦어지고 있는데 변명이 생각 안나,일상
늦은 시간에 걸어다니니까 무서워,일상
늦잠과 브런치 수다가 있는 주말,일상
니 상사는 누구니,일상
다 그만 두고 싶다,일상
다 그만하고싶어,일상
다 끝나가니 좋을줄만 알았는데.,일상
다 나 좋아했으면 좋겠어,일상
다 내 잘못이지,일상
다 내 잘못인 것 같아,일상
다 때려 치우고 싶어,일상
다 마음에 안 들어,일상
다 알고 있을까?,일상
다 잘 될거야,일상
다 잘해,일상
다 필요없어,일상
다 허무하다,일상
다 힘들겠지?,일상
다가 오지마,일상
다들 행복한 거 같은데,일상
다른 거 시작 해볼까,일상
다른 거 해볼까,일상
다른 건 무감각한데 이건 예민해,일상
다른 사람도 다 힘들겠지?,일상
다른 사람들에게 사랑을 베풀고 싶어,일상
다른 사람들은 잘하는것 같아서 초초해,일상
다른 사람들은 행복할까,일상
다른 사람들은 행복해 보이는데,일상
다른 사람들이 나 좋아했으면 좋겠어,일상
다른 사람은 다 행복해보여,일상
다른 사람의 시선이 너무 신경쓰여,일상
다른 생각을 하는 사람이 많다.,일상
다른 학과 간다,일상
다리 꼬면 안되는데 습관 안고쳐져,일상
다리 떠는거 말들음,일상
다리 떠는거 지적받았어,일상
다리 떨면 안 좋아?,일상
다리 떨면 진짜 복나가나?,일상
다리가 덜덜 떨려,일상
다리가 부은 거 같아,일상
다리가 퉁퉁 부었어,일상
다리가 후덜덜,일상
다리꼬지마,일상
다시 만나자는 건 아닌데 보고 싶어,일상
다시 태어나도 챗봇할래?,일상
다시 태어난다면,일상
다육이 좀 심어볼까,일상
다육이 키워보까,일상
다음에 또 만나자,일상
다음에 봐,일상
다이어트 성공하고 싶은데,일상
다이어트해야 되는데,일상
다크서클 내려왔어,일상
다크서클 턱밑에 있다.,일상
단거 땡긴다.,일상
단독주택 살고 싶어,일상
단둘이는 처음,일상
단둘이는 처음 만나는 날,일상
단발 어울릴까?,일상
단발 해볼까?,일상
단수,일상
단수래,일상
단순하다.,일상
단체생활 많이 힘든가,일상
단체생활 적응이 안돼,일상
단체생활 해야 되는거 싫다,일상
단체생활 힘들어,일상
달달한 거 먹고 싶다.,일상
달달한 마카롱 먹고 싶다,일상
달달한 연애 하고 싶어,일상
달력이 또 넘어가네,일상
달리 보이고 싶은데 뭐할까,일상
달콤한 와플 먹고 싶어,일상
담배 끊는 거 어려워,일상
담배 너무 비쌈,일상
담배 비싸,일상
담배 왤케 비싸,일상
담배끊었었는데 담배 피고 싶다,일상
담뱃값이 왜 이렇게 비싸,일상
답 없는 내 인생,일상
답례품 뭐하지?,일상
답례품 뭘로 할까?,일상
답이 안와,일상
답이 어디있을까?,일상
답정녀 안 만나는 방법 있나.,일상
답정녀 어떡해?,일상
답정녀 좀 싫어,일상
답정녀 퇴치법,일상
답하기 싫은가봐,일상
당구 쳤어,일상
당구 치고 옴,일상
당당하게 비키니 입고 싶다,일상
당당하기가 어려워,일상
대기업 아니어도 될까?,일상
대기업 취직 어려울까,일상
대기업에 취직하고 싶어,일상
대기업은 접어야 할 듯,일상
대놓고 말했으면 좋겠어,일상
대놓고 질린대,일상
대답 잘하니,일상
대답이 너무 빨라,일상
대리 불렀는데 안 오네,일상
대리님은 갈구는게 취미인 듯,일상
대리님이 너무 갈궈,일상
대리운전 불렀어,일상
대리효도 극혐,일상
대리효도 짜증,일상
대만 놀러가고 싶어,일상
대만 여행가고 싶어,일상
대빵 큰 여드름 올라와,일상
대외활동하다 만났어,일상
대우 좀 해줬으면,일상
대우가 별로야,일상
대우를 안해줘,일상
대청소 해야지,일상
대체불가한 사람이 되고 싶어,일상
대체불가한 사람이 될 수 있을까,일상
대출 갚다 죽겠어,일상
대출 갚으면 한 평생 다 갈듯,일상
대출 언제 다 갚냐,일상
대출 이자 왜 이렇게 많이 나오지?,일상
대출받아도 괜찮을까,일상
대출이 너무 많아,일상
대충한 거 아닌데,일상
대충했다고 혼났어,일상
대학 가고 싶다.,일상
대학 가는 게 낫지?,일상
대학 가면 좋겠지,일상
대학 가면 행복할까,일상
대학 가야 하나?,일상
대학 간다고 달라질까,일상
대학 나온 거 부러워,일상
대학 다 떨어졌어,일상
대학 떨어 졌어 휴,일상
대학가야지,일상
대학에서 아싸해도 될까?,일상
대학원 가고 싶어,일상
대학원 가는게 좋을 것 같아,일상
더 격렬하게 아무 것도 안하고 싶다.,일상
더 나은 학교생활 하고 싶어,일상
더 이상 나한테 안 왔으면 좋겠어,일상
더 이상 못할거 같아,일상
더 이상 안 왔으면 좋겠어,일상
더우니까 무서운 이야기 듣고싶지,일상
더워,일상
더워 미치겠다,일상
더워 죽겠다,일상
더워더워,일상
더워서 잠을 못자,일상
더워서 죽을 것 같아,일상
더워서 죽을 듯한 날씨야,일상
덕수궁 돌담길 걸었어,일상
덕수궁 돌담길 따라서 둘이 걸었어.,일상
덕질 중,일상
덕질 하는 중,일상
덜 싸우는 법,일상
데려다 주느라 막차 놓침,일상
데려다 주지도 않고,일상
데이트로 놀이공원 가는거 어때?,일상
도대체 중간이 없어,일상
도로가 얼었어,일상
도서관 가서 공부해야지,일상
도서관 가야지,일상
도서관 앞자리 사람 괜찮다.,일상
도서관 책 반납 안햇다,일상
도서관에 책 빌리러 가려고,일상
도서관에서 괜찮은 사람 봤어,일상
도시락 싸가지고 가야지,일상
도시락 싸가지고 다닐까,일상
도시락 싸는 거 귀찮은데 사먹을까,일상
도시락 싸볼까,일상
도시락 싸봐야지,일상
도시락 싸서 놀러 가고 싶어,일상
도시락 싸서 피크닉 가고 싶어,일상
도시락 싸옴,일상
도시락 싸왔어,일상
도와준 사람들 너무 고맙다.,일상
도전하기 싫다,일상
독감 같아,일상
독박 육아 짜증나,일상
독서 좀 해야겠어,일상
독학하려니까 힘들어,일상
돈 가지고 유세부려,일상
돈 굴리기,일상
돈 다 썼어,일상
돈 다 어디 갔나,일상
돈 다 어디 쓴지 모르겠네,일상
돈 다 없어졌어,일상
돈 많으면 좋겠지?,일상
돈 많은 백수 하고 싶어,일상
돈 많이 벌고 싶어,일상
돈 많이 벌었으면 좋겠어,일상
돈 모으고 싶어,일상
돈 모으는 재미,일상
돈 모으는 재미가 있네.,일상
돈 버는 게 쉽지 않음,일상
돈 버는 게 어렵구만.,일상
돈 벌고 싶어,일상
돈 벌면 뭐하나,일상
돈 벌어서 뭐하지,일상
돈 빌려줬는데 연락 두절,일상
돈 빌려줬는데 잠수탔어,일상
돈 안드는 데이트 코스,일상
돈 어디갔지,일상
돈 없는데 투잡이라도 해야 할까,일상
돈 없어,일상
돈 없어도 갈 수 있는 데이트 코스,일상
돈 없으면 결혼도 못하겠다.,일상
돈 잃어버렸어,일상
돈 좀 모아야 할텐데,일상
돈 좀 빌려줘,일상
돈 쥐꼬리만큼 가지고 유세부리는 꼴이라니,일상
돈없이 결혼하기 가능?,일상
돈은 어떻게 모으는 거임,일상
돈이 똑 떨어짐,일상
돈이 안 모여,일상
돈이 엄떠,일상
돈이 없네,일상
돈이 없어 졌어.,일상
돈이 천원밖에 없어,일상
돈이 하나도 없어,일상
돈이라도 많으면 좋을텐데,일상
돌겠다,일상
돌아버리겠다. 진짜,일상
돌잔치 가야지,일상
동기가 나보다 먼저 진급,일상
동기는 진급하는데,일상
동료가 너무 게을러,일상
동문서답을 해.,일상
동상 걸릴 뻔했어,일상
동상 걸릴거 같아.,일상
동생이 나 제끼고 결혼하겠대,일상
동생이 먼저 결혼하겠대,일상
동생이랑 대판 싸움,일상
동생이랑 싸웠어,일상
동생한테 약점 잡혔어,일상
동생한테 짜증냈어,일상
동생한테 화냈어,일상
동성 친구들이 편해,일상
동성이 좋아,일상
동호회 가야지,일상
동호회 나가기 귀찮아,일상
동호회 나가야 하나,일상
동호회 나가지 말까,일상
동호회 약속 있어.,일상
동호회 재미 없어졌어,일상
되게 건조하네,일상
되고 싶은 게 두 개야,일상
되고 싶은 게 없어,일상
되는 일이 하나도 없네,일상
두 사람만 좋으면 되는줄 알았는데 아니었나봐,일상
두고 봐,일상
둔한 편인데 이것만 예민해,일상
둘이 사귀는 거 같애,일상
뒤돌아 보지 말고 나가야 하는데,일상
뒤에 누가 따라 오는 것 같아 무서워,일상
뒤에서 발자국 소리 나서 놀램,일상
뒤에서 얘기하면 내가 못 들을 줄 알았나봐?,일상
뒤에서 호박씨까면 내가 못 들을 줄 알았나?,일상
뒤척이다 늦잠 자게 되네,일상
뒷통수 맞았어,일상
뒷통수 제대로 맞음,일상
드디어 개강이다,일상
드디어 데이트인데 뭐하지,일상
드디어 봄이 오나봐,일상
드디어 손 잡음,일상
드디어 승진함,일상
드디어 졸업한다,일상
드디어 천일,일상
드디어 커플 반지 받았어,일상
드디어 해외 여행 간다,일상
드라마 볼 게 없어,일상
드라마나 보면서 놀고 싶다.,일상
드라이 잘 안되네,일상
드라이가 잘 안돼,일상
드라이브 데이트 해야겠다,일상
드라이브 하면서 데이트 해야겠다,일상
드라이플라워 만들었어,일상
드레스룸 만들고 싶다,일상
드레스룸 있으면 좋겠다.,일상
드론 자격증 딸까?,일상
드론 조종사 자격증 따면 재밌을 거 같아,일상
듬직한 사람이 좋아,일상
등록금 너무 비싸다. 허리 휨,일상
등록금 비싸다,일상
등산할까,일상
따듯해서 좋다.,일상
따듯해지니까 살 것 같다.,일상
따뜻한 물이 안나와,일상
딱 좋아,일상
딴 거 뭐 할 줄 알아?,일상
딴 일 찾아볼까,일상
딸기 먹고 싶다.,일상
딸기 먹어야지,일상
딸기 먹을래,일상
딸기 뷔페 가고 싶어,일상
딸기가 너무 먹고 싶어.,일상
딸기가 좋아,일상
땅 사면 좋겠다.,일상
땅이나 살까,일상
때려 치고 싶다,일상
떠나요 제주도,일상
떡볶이 먹고 싶다,일상
떨리나봐,일상
떨어뜨려서 핸드폰 액정 나갔어,일상
또 개강이라니,일상
또 개강이야,일상
또 공부해야돼,일상
또 눈 내려,일상
또 못 만났어,일상
또 뭘 먹나,일상
또 살찐 거 같아,일상
또 스팸 전화,일상
또 야근,일상
또 어떻게 버티지?,일상
또 전화 안받아,일상
또 지각하네,일상
또 폭식했다.,일상
또 한달이 지나갔네,일상
또라이가 너무 많아,일상
또라이들 짱 많아,일상
똑 부러지게 말해야지,일상
똑같은 나날들,일상
똑똑!,일상
똑똑하면 좋겠다,일상
똑똑해지고 싶다,일상
똥마려,일상
뜨끈한 온천가고 싶다.,일상
뜻밖의 고민을 하고 있어,일상
띰띰해요 놀아 주세요,일상
라면 맛있게 끓이는 법 알려줘,일상
라면 먹고 갈래,일상
라면 먹고 싶어,일상
라면 먹어야겠다.,일상
라면 먹을래,일상
라면 잘 끓이는 법,일상
랜선 집사됐어,일상
레고 사고 싶은데 비싸,일상
레고가 비싸,일상
레시피대로 한 거 같은데 왜 맛이 없지?,일상
레시피대로 했는데 왜 맛이 없지?,일상
렌터카 빌릴까봐,일상
로그인 아이디 기억안나,일상
로그인 아이디 까먹었다,일상
로또 당첨 번호 불러봐,일상
로또 당첨 번호를 불러 주세요,일상
로또 당첨 좀 됐으면,일상
로또 번호 알려줘,일상
로또 좀 됐으면,일상
롯데월드 가자고 해볼까?,일상
롱패딩 살까,일상
롱패딩 필요할까,일상
리모델링할까,일상
리치치즈피자 먹고 싶다.,일상
리폼 해볼까,일상
마딩 있는 주택에 살고 싶어,일상
마라톤 나가볼까,일상
마라톤 출전할까,일상
마른 기침 나와,일상
마른 기침이 계속 나오네,일상
마스크팩 대량 구매했어,일상
마스크팩 잔뜩 샀어.,일상
마음 다 잡는 중,일상
마음 둘 곳이 없어,일상
마음 잡고 고고씽,일상
마음 잡고 다시 시작,일상
마음도 춥고 날씨도 춥네,일상
마음만은 청춘이야,일상
마음만은 항상 청춘인데,일상
마음에 드는 거 같은데 고백을 왜 안 하지,일상
마음에 안 드는 짓만 해,일상
마음에 하나도 안 들어,일상
마음을 보여 주고 싶어.,일상
마음을 정리하고 있는데 뜻밖의 남자가 카톡을 했네,일상
마음을 정리하는 중인데 카톡 왔어,일상
마음의 여유가 없어,일상
마음의 평화가 필요해,일상
마음이 무거워져,일상
마음이 보였으면 좋겠어,일상
마음이 복잡해,일상
마음이 싱숭생숭해서 자꾸 글을 쓰게 되네,일상
마음이 싱숭생숭해서 자꾸 여기다 쓰게되넹,일상
마음이 울적해,일상
마음이 유난히 춥네,일상
마음이 자꾸 급해져,일상
마음이 조급해,일상
마음이 착잡하다,일상
마음이 허해,일상
마카롱 먹고 싶다,일상
막 말하는 거 고치고 싶어,일상
막 뭐 사고 싶어.,일상
막말 좀 안 했으면 좋겠다,일상
막말 쩔어,일상
막말 최악이지,일상
막말 할거 같은데,일상
막말이 나와,일상
막말이 제일 나빠,일상
막말해서 상처줬어,일상
막차 놓쳤다,일상
막차 놓쳤다 택시비 아까워,일상
막차 놓쳤어,일상
만나기만 하면 싸워,일상
만나기만 하면 자꾸 싸우게돼,일상
만나는게 싫지는 않아,일상
만나면 싸워,일상
만나면 좋긴 한데 귀찮아,일상
만나면 좋은 사람이 있어. 헤헤,일상
만나면 좋은데 사귀긴 싫어,일상
만나서 고백할걸,일상
만나자고 약속 잡는 것도 귀찮아,일상
만날 땐 좋고 안 만나도 괜찮은 거 같아,일상
만담꾼이네!,일상
만두 먹고 싶어,일상
만든 사람,일상
만족을 모르나봐,일상
만족할 줄을 몰라,일상
만족해야겠지?,일상
많이 먹었는데 몸무게 똑 같아,일상
많이 먹었더니 졸려,일상
많이 자도 피곤해,일상
말 거는게 어려워,일상
말 예쁘게 하고 싶어,일상
말 잘하고 싶어,일상
말 잘하는 법,일상
말 좀 잘하면 좋을텐데,일상
말문이 막힌다,일상
말문이 탁 막힌다,일상
말실수했다,일상
말을 못하겠어,일상
말을 수시로 바꾸는 사람 어떻게 해?,일상
말을 예쁘게 하면 좋으련만,일상
말을 왜 이렇게 못 알아 듣니,일상
말을 이해를 못해?,일상
말을 좀 잘 하고 싶어,일상
말을 해놓고 후회돼 죽겠어,일상
말이 너무 심해,일상
말이 안 통해,일상
말이 안돼,일상
말이 제일 무서운 듯,일상
말조심해야지,일상
말투가 맘에 안들어,일상
말투가 별로야,일상
말하고 나니 후련하네여,일상
말하고 후회하면 어떡해,일상
말하고 후회할까봐 걱정돼,일상
말하는 대로 다 되면 정말 좋겠다,일상
말하는게 재밌어!,일상
말하는대로 다 됐으면 좋겠다,일상
말하는대로 이루어졌으면.,일상
말하지 말걸,일상
말해봐,일상
맘 편한 데가 없어,일상
맘속으로 조금씩 정리가 돼가네,일상
맛있는 거 먹고 싶은데 살 찔까봐 걱정돼,일상
맛있는 냄새나,일상
맛집 가고 싶어,일상
맛집 다녀왔어,일상
맛집갈까,일상
망고빙수 맛있다,일상
맞는 결정을 한거겠지?,일상
맞는 선택일까,일상
맞춤법 많이 틀리는 사람,일상
맞춤법 자꾸 틀리는 사람,일상
맞춤법을 자꾸 틀리는 남친 깬다,일상
매운 국물 떡볶이 먹고 싶다,일상
매운 닭발 먹고 싶다.,일상
매운 칼국수 고고?,일상
매일 아침 피곤해,일상
매일 타는 버스에서 보는 그 사람,일상
매콤한 닭발 생각나,일상
맥주 마셔야지,일상
맥주 마실까 소주 마실까,일상
맥주 소주 어떤거 마실까,일상
맥주 한 잔 어때?,일상
맥주 한 잔 할래?,일상
맥주 한 잔 해야지,일상
맨날 놀기만 했으면 좋겠어,일상
맨날 똑같아,일상
맨날 똑같애,일상
맨날맨날 똑같아,일상
맨몸으로 결혼하기 가능?,일상
머리 기름낀거 티나나?,일상
머리 깎고 올게,일상
머리 깎아야겠다.,일상
머리 깎아야지,일상
머리 냄새날텐데,일상
머리 다듬어 달라고 그럴까?,일상
머리 또 잘라야 돼,일상
머리 바꿀까,일상
머리 스타일 바꿀까,일상
머리 아파,일상
머리 아픈 거 같애,일상
머리 안 감은 거 티나나?,일상
머리 안감았더니 떡졌어,일상
머리 어떻게 깎을까?,일상
머리 어떻게 할까?,일상
머리 염색 해야지,일상
머리 용량 초과,일상
머리 좀 다듬을까,일상
머리 짧게 잘라야지,일상
머리 하나도 안 남을 것 같아,일상
머리 한 대 맞은 거 같아,일상
머리 확 잘라버려야지,일상
머리가 너무 빨리 자라,일상
머리가 너무 아프네,일상
머리가 띵한게 한 대 맞은거 같아,일상
머리가 띵해,일상
머리가 좀 아프다.,일상
머리가 지끈거려,일상
머리가 콕콕 쑤셔,일상
머리만 바빠,일상
머리스타일 바꿔볼까?,일상
머리스타일 어떻게 바꾸지,일상
머리에서 열날거 같다.,일상
머리카락 많이 빠져,일상
머리카락 쑥쑥 빠지는 느낌,일상
머리카락이 엄청 빠져,일상
머리카락이 자꾸 빠져,일상
머릿결 좀 찰랑거렸으면 좋겠어.,일상
머릿속이 복잡해,일상
머릿속이 정리 안돼,일상
머릿속이 하얘졌어,일상
먹고 나니까 졸리당,일상
먹고 살기 힘들다,일상
먹고 자고,일상
먹고 자고 놀고만 싶어,일상
먹고 자고 먹고 자고,일상
먹고 자도 놀기만 해도 될까,일상
먹고 자도 되나,일상
먹고 죽을 돈도 없어,일상
먹기도 귀찮아,일상
먹으면 살 찔까봐 걱정돼,일상
먹을 거 뭐 없나,일상
먹을 거 하나도 없어,일상
먹을 게 일도 없어,일상
먹을까 참을까,일상
먹통이야 답답하다,일상
먼저 잘게 잘자,일상
먼지 때문에 목아파,일상
먼지 싫다,일상
먼지 지수 어때,일상
먼지 콜록콜록,일상
먼지가 너무 많아,일상
먼지가 많나,일상
먼지가 쌓였네,일상
멋지게 나이들고 싶다,일상
멋지게 늙고 싶다,일상
멋지게 살고 싶었는데,일상
멋진 데 알아 냈어,일상
멋진 삶을 살고 싶어,일상
멍 때리기,일상
멍 때리는 중,일상
멍청한게 탈이지,일상
메뉴얼이 있으면 뭐하나,일상
메뉴얼이 있으면 뭐해,일상
메모리카드 어디다 두었을까,일상
메모리카드 잃어버렸어,일상
메모하는 습관 필요해,일상
메모하는 습관을 기르고 싶어,일상
메이크업 동영상 보는 중,일상
며칠 전에 다시 만났는데,일상
면도 귀찬하,일상
면도기 또 사야돼,일상
면도기 사야되는데,일상
면도기 새로 사야돼,일상
면도기랑 이것저것 사야되는데,일상
면도안하면 안되나,일상
면도하기 귀찮,일상
면도하는 게 낫겠지?,일상
면도해야 되는데 귀찮아,일상
면세에서 뭐 사지,일상
면세점에서 쇼핑할거야,일상
면접 때 너무 떨려,일상
면접 어떻게 잘 보냐,일상
면접 잘 보고 싶어,일상
면접 잘 볼 수 있을까,일상
면접 준비 방법,일상
면접 준비 어떻게 하지,일상
면접 준비중이야,일상
면접 팁 좀 줘,일상
면접만 남았어,일상
면접만 보면 돼,일상
면접만 보면 떨려서 말을 못하겠어,일상
면접이 코앞이야.,일상
면허 따는 중,일상
면허 따야하나,일상
면허 딸까봐,일상
면허 없는데,일상
면허 없는데 따야겠지,일상
명절 다가오니까 스트레스,일상
명절 선물 뭐하지,일상
명절 스트레스,일상
명품 선물 부담스러울까,일상
명품 이제 사지 말아야겠어,일상
몇 반 될지 궁금해,일상
몇시간 동안 안와,일상
모공 너무 커,일상
모공 점점 커지는 것 같아,일상
모기가 너무 많아.,일상
모기가 웽웽거려.,일상
모든 일이 어려워,일상
모르겠는데 노력하래,일상
모르는 걸까? 모르는 철 하는 걸까?,일상
모르는 게 너무 많아,일상
모르는 번호로 전화왔어,일상
모르는 번호에서 전화오면?,일상
모르는 사람 만나는거 너무 스트레스야,일상
모르는 사람들이 페친 신청해,일상
모르는 사람이 자꾸 쳐다봐,일상
모른 척 하는 건지 모르는 건지,일상
모른 척 하는건가,일상
모른척 지나쳤어,일상
모른척 해줬어,일상
모임에서 만났어,일상
목 마르다.,일상
목 말라,일상
목 아파,일상
목 탄다,일상
목걸이 선물이 좋겠다.,일상
목걸이 선물해볼까?,일상
목돈 만들기,일상
목소리 좋은 사람이 좋아,일상
목욕탕 가서 때밀어야겠다.,일상
목욕탕 가야지,일상
목이 바싹바싹 탄다,일상
목이 뻐근해,일상
목이 뻑뻑해,일상
목이 칼칼해,일상
목표가 없어,일상
목표가 없어서 걱정임,일상
몰라서 당했어,일상
몰랐구나,일상
몸매가 탄탄하면 좋은데,일상
몸무게 좀 줄었으면,일상
몸살 감기에 걸릴 거 같아,일상
몸살 나서 힘들어,일상
몸살 났나봐,일상
몸에 힘이 하나도 없어,일상
몸에서 멀어지면 맘에서도 멀어진데,일상
몸이 무거워,일상
몸이 여러 개면 좋겠다,일상
몸이 영 찌뿌둥해,일상
몸이 찌뿌둥해,일상
몸이 천근만근이다,일상
못 알아들었어,일상
못하는 게 없는 사람,일상
못하는거 투성이야,일상
못하는게 너무 많아,일상
무기력증 극복하는 방법,일상
무기력증 어떻게 극복하지?,일상
무기력한 것일뿐,일상
무기력해,일상
무료 앱이 유료로 됐어,일상
무릎 쑤셔,일상
무릎 아파,일상
무릎 안 좋으면 스쿼트 하면 안되겠지?,일상
무리에 잘못 낀 듯,일상
무사안일 기원,일상
무서운 꿈 꿨어,일상
무서운 이야기 해줄까?,일상
무서워서 달려왔어,일상
무서워서 뛰어 왔어,일상
무서워요,일상
무슨 말을 해야할까,일상
무슨 매주 결혼식이야,일상
무슨 생각해,일상
무슨 향수가 좋을까,일상
무지 덥다,일상
무한리필 가면 너무 돼지처럼 보일까,일상
무한리필 괜찮지 않아?,일상
문 안열림,일상
문 여는 소리같은게 나서 무서움,일상
문 잠겼는데 집에 아무도 없네,일상
문신하고 싶은데 후회할까?,일상
문신하면 후회하려나?,일상
문열다 옆차랑 부딪혔어.,일상
문이 안열려,일상
문자보낼 친구도 없어,일상
문콕당했어,일상
문콕한듯,일상
문화가 너무 다른 것 같아,일상
문화센터 가야지,일상
문화센터라도 가야겠다.,일상
물 끓여서 차 마셔야지,일상
물 끓여야지,일상
물 너무 차가워,일상
물 마셔야지,일상
물 마실라구,일상
물 많이 마셔야 돼,일상
물 많이 마시라고 했는데,일상
물 자주 마셔야지,일상
물 좋은데 어디야?,일상
물 주문해야지,일상
물 차가워,일상
물 한 잔 마시기,일상
물가 왤케 비쌈,일상
물가가 왜 이렇게 비쌈,일상
물건 사는것도 힘드네,일상
물걸레질해야지,일상
물리치료 받아야 하나,일상
물리치료 받아야겠다,일상
물배달 시켜야겠다.,일상
물이 안 나와,일상
물이 안나온데,일상
뭐 먹을 거 없나,일상
뭐 먹을까?,일상
뭐 먹지?,일상
뭐 물어 볼까,일상
뭐 볼까?,일상
뭐 이렇게 쉬운 게 없지,일상
뭐 입고 가지?,일상
뭐 입고 나가지?,일상
뭐 입지?,일상
뭐 좀 먹을까?,일상
뭐 좀 물어 봐도 돼,일상
뭐 좀 배워볼까봐,일상
뭐 하는 중?,일상
뭐 하는지 궁금해,일상
뭐 할줄 알아,일상
뭐 해?,일상
뭐 해주기가 싫어,일상
뭐가 잘못된 걸까,일상
뭐가 중요한지 모르겠어,일상
뭐라 하려다 참았어,일상
뭐라고 하고 싶었는데 참았어,일상
뭐라고?,일상
뭐라도 배워볼까,일상
뭐부터 바꿔야 할까,일상
뭐야 너무 건방져,일상
뭐하고 놀지,일상
뭐하고 살지,일상
뭐하냐?,일상
뭐하는 분이세요?,일상
뭐하면 시간이 잘 갈까,일상
뭐하면서 노는 게 좋을까,일상
뭐하면서 놀까,일상
뭐할까?,일상
뭐해 먹지,일상
뭔 날이여?,일상
뭔 비밀이 그렇게 많은지,일상
뭔 참견이야,일상
뭔가 뒷맛이 쓰다,일상
뭔가 말해봐,일상
뭔가 무섭다,일상
뭔가 배워볼까,일상
뭔가 불공평해,일상
뭔가 새로운 자극이 필요해,일상
뭔가 수상한데?,일상
뭔가 자꾸 불안해,일상
뭔가 찔려,일상
뭔가 취미생활 필요해,일상
뭔가 해야 할까,일상
뭘 바꿔야 할까,일상
뭘 배워 볼까,일상
뭘 잘못했다는 걸까,일상
뭘 해도 재미없다.,일상
뭘하면 행복할까?,일상
뭘해도 귀여워,일상
뭣이 중한지 모르겠어,일상
미끄러질 뻔했어,일상
미드 보고싶다,일상
미래에 대한 고민,일상
미세먼지 나쁨인가,일상
미세먼지 때문에 짜증나,일상
미세먼지 또 나쁨,일상
미세먼지 심하대,일상
미세먼지 지수 뭐야?,일상
미세먼지 지수 어떻대?,일상
미세먼지 최악인데,일상
미세먼지가 너무 많아,일상
미세먼지가 너무 많아. 하늘이 뿌옇다.,일상
미세먼지가 너무 많아서 짜증나,일상
미용 몸무게하고 싶다,일상
미용실 가서 머리해야지,일상
미용실 가야지,일상
미용실 갔다왔는데 티가 안 나,일상
미용실에서 너무 티 안 나게 머리를 잘라줬어,일상
미운 짓만 해,일상
미워,일상
미워한다,일상
미친 사람들이 너무 많아,일상
미친듯이 덥다,일상
미팅한다!,일상
믿는 게 아니었어,일상
믿지 말껄,일상
밉다 진짜,일상
바나나 먹고 싶다.,일상
바나나 먹어야지,일상
바나나가 좋아,일상
바다 가자고 하면 갈까?,일상
바다 놀러가고 싶다,일상
바다 놀러가자고 해볼까?,일상
바다 보러 가자고 말해야겠다.,일상
바다 보러 가자고 해볼까,일상
바다가 가고 싶어요,일상
바라는게 없어,일상
바람 많이 부네,일상
바람 분다,일상
바람 쐬러 나갈까,일상
바람쐬러 정동진가,일상
바람이 너무 많이 부네,일상
바본가봐,일상
바쁘네,일상
바지 입을까? 치마 입을까?,일상
밖에 나가기 귀찮아,일상
밖에 안나가고 이렇게 살고 싶어,일상
밖에서 먹으니까 더 맛있어,일상
반 배정 내가 원하는 대로 될까,일상
반 배정 잘 될까?,일상
반 배정 좀 잘 됐으면 좋겠다,일상
반가워,일상
반가워요 반갑구만,일상
반갑습니다.,일상
반딧불이 보고싶다,일상
반배정 망했어,일상
반배정부터 올해 끝났다.,일상
반에 친구가 없어,일상
반장 나가볼까?,일상
반장 선거 나가볼까,일상
반장은 원래 힘들어?,일상
반장이라서 힘들어,일상
반지 많이 비쌀까,일상
반지 뭘로 선물할까?,일상
반지 받았어,일상
반지 비싼가,일상
반지 선물 뭘로 할까?,일상
반지 선물하려고,일상
반지 선물하면 좋아하겠지,일상
반지 호수 모르는데,일상
반지 호수 물어볼까,일상
발 부었어,일상
발 아파,일상
발레 배우려고,일상
발레 배워보려고,일상
발렌타인데이 선물 비싸,일상
발렌타인데이 선물 줄 사람이 없어,일상
발렌타인데이 초콜릿 비싸,일상
발렌타인데이인데 줄 사람이 없어,일상
발목 다쳤어,일상
발목 삐끗했어,일상
발목 삔 거 같애,일상
발목 접질렀어,일상
발톱 손질 받을까,일상
발표 무사히 끝내고 싶어,일상
발표 잘 하고 싶어,일상
발표 준비 너무 힘들어,일상
발표 준비하느라 힘들어,일상
발표가 안나,일상
발표할때 너무 떨려,일상
발표할때 자꾸 떨려,일상
밤 12시야,일상
밤 샜어,일상
밤샜어,일상
밤에 잠이 안 와,일상
밥 너무 많이 남음,일상
밥 너무 많이 함,일상
밥 먹다 옷에 흘렸어,일상
밥 먹다 흘렸어,일상
밥 먹어야지,일상
밥 먹었는데 배고파,일상
밥 먹었는데도 또 배고파,일상
밥 먹었니,일상
밥 먹었어?,일상
밥 뭐 먹을까,일상
밥 잘 사주는 예쁜 누나 어디 없나,일상
밥 탔다,일상
밥 태웠어,일상
밥먹자.,일상
밥벌이 뭐하나,일상
밥생각이 없어,일상
밥이 없어,일상
밥이나 먹자,일상
방들이 귀찮아,일상
방들이 준비 뭐하지?,일상
방법도 안 말해주고 그냥 열심히 하래,일상
방심하는게 아니었어,일상
방에 먼지가 한가득,일상
방탈출 게임 갔다왔어.,일상
방탈출 게임 했어,일상
방학 끝나서 좋아,일상
방학 안 끝났으면 좋겠다,일상
방학에 만날 사람이 없네,일상
방학은 너무 심심해,일상
방학이 끝났다니,일상
방학이 있었으면 좋겠어,일상
방학이 있었으면.,일상
방학이 필요해,일상
방학인데 집에만 있어.,일상
방학했더니 심심해,일상
배 아파서 기분이 안 좋아,일상
배 아프다,일상
배 터지겠네,일상
배 터지겠다.,일상
배가 너무 고파,일상
배가 넘넘 고파,일상
배고파,일상
배고파 죽을 것 같아 힘이 없어,일상
배고파서 일어났어,일상
배고파서 자다 깼어,일상
배고파서 힘이 없어,일상
배고프다.,일상
배고프당,일상
배고프면 예민함?,일상
배고픈 거 같아,일상
배달 중이래,일상
배부르고 졸려,일상
배부르니 졸리다,일상
배불러,일상
배불러서 배 터질 듯,일상
배송 중이래,일상
배에서 꾸룩꾸룩 소리 남,일상
배에서 소리 남,일상
배워도 모르는 게 너무 많아,일상
배터리 간당간당,일상
백조됐어,일상
뱃살 나온 거 같아,일상
뱃살 나와,일상
뱃살 빵빵,일상
뱃살이 잡혀,일상
버려야 되는데..,일상
버리기 아까운데 리폼 해볼까,일상
버릴 건 버려야 겠지,일상
버림 받은 느낌,일상
버스 기다릴 때 가면 자꾸 생각나,일상
버스 끊겼다,일상
버스 멀미나,일상
버스 멀미하는 것 같아,일상
버스 정류장에서 기다리고 있었어.,일상
버스 정류장에서 기다리던 사람,일상
버스 정류장하면 생각나,일상
버스가 안와,일상
버스가 왜이렇게 안오지,일상
버스에서 매일 보는 사람,일상
버스타면 힘든데 그냥 택시탈까,일상
버스탈까 택시탈까,일상
번호 달라고 해볼까?,일상
번호 따볼까나,일상
번호키 누르는 소리가 나서 무서움,일상
벌써 개강이라니,일상
벌써 방학 끝이라니,일상
벌써 생활비가 없어,일상
벌써 잠 와,일상
벌써 허기진다,일상
법을 요리조리 피해가는 사람,일상
법을 피해가는 사람,일상
벗어나고 싶어,일상
벚꽃 예쁘다,일상
벚꽃구경 가고싶다.,일상
벚꽃이 너무 예뻐,일상
베란다 좀 가꿔볼까,일상
베란다도 꾸미니까 예쁘더라.,일상
베란다에 뭐 심어볼까,일상
베터리 15야,일상
베터리 겨우 15야,일상
베터리 충전기도 안 가져 왔네,일상
베트남 사업하기 좋을 것 같니?,일상
베트남어 배우는 거 어떻게 생각해?,일상
베트남어 배울까,일상
베트남에서 사업해볼까?,일상
베프랑 다툼,일상
베프랑 싸움,일상
벨이 울리는 걸 기다려,일상
변기 막혔는데 아무 생각이 안 난다.,일상
변기 막혔어,일상
변명거리 생각해봐,일상
변명거리가 생각이 안나,일상
변한게 없어,일상
변한게 하나도 없어,일상
변화가 없어,일상
변화를 좀 주고 싶다.,일상
별 보러 가고 싶다,일상
별 보러 시골 가고 싶다,일상
별 사람이 많다,일상
별 일 없었어?,일상
별거 아닌데 떨려,일상
별것도 아닌 거 가지고 트집잡는 사람 어떡해?,일상
별님에게 물어 보렴,일상
별다른 게 없는 일상,일상
별다른 게 없어,일상
별다를 게 없는 하루,일상
별들에게 물어봐,일상
별의별 사람이 다 있는 듯,일상
별이 안 보여,일상
병무청 시계는 지금도 간다,일상
병원 가기 싫어,일상
병원 너무 가기 싫다,일상
보기만해도 짜증이 나지,일상
보너스 깎였어,일상
보드 타러 가야지,일상
보드게임 재밌다,일상
보름달 떴다,일상
보름달을 봤어,일상
보이스피싱 같아,일상
보이스피싱 같은데,일상
보이스피싱 당했어,일상
보이스피싱 전화왔어,일상
보이스피싱인듯,일상
보일러 틀고 나갔어,일상
보일러 틀어놓고 나왔어.,일상
보조 배터리 안 가지고 왔다,일상
보조베터리 안 가져왔다,일상
보증금 마련하는 게 쉽지 않네,일상
보증금 모잘라,일상
보험 많이 든 거 같애,일상
보험 많이 들었어,일상
보험료 설계 다시 해야 하나?,일상
보험료 재설계 해야 하나?,일상
복 받겠지?,일상
복근 만들어야지,일상
복근 좀 생겼으면,일상
복붙으로 끝내더라.,일상
복수전공하고 싶어,일상
복전신청했어,일상
복전하고 싶어,일상
복전하면 좋아?,일상
복전하면 힘들텐데 그래도 하는게 나을아?,일상
복전했어,일상
볼링 치고 놀았어,일상
볼링 치고 옴,일상
봄날이 기대돼,일상
봄방학이다!,일상
봄방학했어,일상
봄에 동물원 가는거 어때?,일상
봄에 동물원 데이트 어때?,일상
봄이 오긴 오나봐,일상
봄이 왔어,일상
봄이 왔으면 좋겠어,일상
봄이다,일상
봄인가봐,일상
봉사도 하고 사랑을 베풀고 싶어,일상
봉사활동 해볼까,일상
봉사활동도 좀 해야 하는데,일상
부담스러운 기대 좀 떨쳐낼 없을까?,일상
부드러운 이불에서 나가기 싫어,일상
부모님 노후가 걱정돼,일상
부모님 말 안듣고 반항했어,일상
부모님 모실 수 있을까?,일상
부모님 선물 추천.,일상
부모님 선물 추천해줘,일상
부모님 선물은 뭐가 좋음?,일상
부모님 선물은 뭐할까?,일상
부모님이 같이 살자셔,일상
부모님이 내 꿈을 무시해,일상
부모님이 내 꿈을 반대해,일상
부모님이 선 보래,일상
부모님처럼 살고 싶다,일상
부모님한테 반항했어,일상
부산 갈까?,일상
부산 놀러갈까?,일상
부업할까?,일상
부자 되게 해주세요,일상
부자 백수 하고 싶어,일상
부자로 태어 났으면 좋을 텐데,일상
부자친구 스트레스,일상
부케 누가 받지?,일상
부케 뭐로 하지,일상
부케 어떤 꼿으로 하지,일상
부팅 시간 너무 오래 걸려,일상
분식 먹고 싶아.,일상
분위기 있는 데서 데이트하고 싶어,일상
분위기 좋았는데 망,일상
분위기 좋았는데 망했다,일상
분위기 좋은 곳에서 데이트하고 싶어,일상
분통 터지지만 포기안한다고 말했네요,일상
불 날 뻔,일상
불 날 뻔했어,일상
불공평해,일상
불만을 입에 달고 다니는 사람 때문에 고민이야,일상
불만이 너무 많아,일상
불만족스러워,일상
불면증 온 거 같아.,일상
불면증인가,일상
불면증인가봐,일상
불안해,일상
불편한 사이가 된 거 같아,일상
불효자는 웁니다.,일상
뷔페 가고 싶어,일상
블랙데이인데 짜장면 같이 먹을 사람이 없어,일상
블랙박스 제대로 찍혔을까,일상
블랙박스로 보면 나올까,일상
블록체인이 뭐야?,일상
블록체인이 왜 이렇게 시끄러워,일상
블루투스 이어폰 살까,일상
블루투스 이어폰 편하겠지,일상
비 맞아서 옷 젖었어,일상
비 오기 시작하네,일상
비 오네,일상
비 오는 날,일상
비 오는 날 데이트,일상
비 오는 날은 만나서 뭐할까,일상
비 오는데?,일상
비 온다,일상
비 와,일상
비가 와서 눅눅해,일상
비꼬는 사람,일상
비만 판정 받았어,일상
비밀 지켜줄까?,일상
비밀 지킬 수 있을까,일상
비밀번호 기억안 나,일상
비밀번호 까먹었다,일상
비밀번호 뭐였더라,일상
비밀번호 자꾸 바꾸래,일상
비밀번호 자꾸 바꿔,일상
비밀연애 하고 있어,일상
비밀은 없는 거겠지,일상
비밀은 없어,일상
비밀이 너무 많은 거 같아,일상
비싼 명품 이제 그만 사야겠어,일상
비싼 선물 부담스럽나.,일상
비싼게 맛있어,일상
비오는날 뭐할까?,일상
비오는날 뭐해?,일상
비오면 마중 나와 주는 사람 있어서 좋다,일상
비정규직 서럽다,일상
비정규직 차별,일상
비정규직은 사람도 아닌가,일상
비정규직이라 차별받아,일상
비타민 먹어야지,일상
비타민 사서 먹어야겠다.,일상
비트코인 날림,일상
비트코인 망함 한강 가자,일상
비트코인,일상
비행기 타러 간다!,일상
비행기 타러 공항 간다,일상
비행기표가 너무 비싸,일상
비행기표가 왜이렇게 비싸,일상
빙빙 돌려서 말하지 말고 다이렉트로 말했으면,일상
빙수 맛있다,일상
빚 때문에 죽을 것 같아,일상
빚이 너무 많아,일상
빠떼리 나감,일상
빡빡한 일상,일상
빨래 끝,일상
빨래 다했다.,일상
빨래했어.,일상
빨리 걷다가 넘어질뻔,일상
빨리 정규직 하고 싶다,일상
빵 먹어야지,일상
빵 한 개만 먹어야지,일상
빵꾸난 양말 봤나,일상
빼빼로 만들어 주면 좋아할까,일상
빽 선물 받았어,일상
빽 선물 해도 될까,일상
뻔하다,일상
뻘짓 한 느낌 싫다,일상
뿌리 염색 다시 해야 되겠다,일상
뿌염해야지,일상
사과를 안해,일상
사과할 사람은 사과를 안해,일상
사귀고 싶어,일상
사내에서 비밀 연애 하고 있어,일상
사는 게 허무해요,일상
사는게 날 너무 지치게 해,일상
사다리타기 맨날 꽝이야,일상
사다리타기 맨날 운이 안 좋아,일상
사람 관리하는 게 제일 힘들어,일상
사람 만나는 거 너무 어려워,일상
사람 만나는 게 쉽지 않아,일상
사람 만나는 게 피곤해,일상
사람 많아서 기다려야할지도,일상
사람 사이에 있어도 외로워,일상
사람들은 왜 이렇게 날 힘들게 할까,일상
사람들은 왜 이렇게 신경쓸까,일상
사람들이 나 이상하대,일상
사람들이 나 좀 좋아해줬으면,일상
사람들이 날 너무 힘들게 한다.,일상
사람에 치여,일상
사람은 많은데 외로워,일상
사람은 진짜 다른 가봐,일상
사람의 마음을 얻는게 어려워,일상
사람이 제일 무서워,일상
사랑니 나나봐,일상
사랑니 나는 거 아프다,일상
사랑니 나는 것 같아 아파,일상
사랑니 아파,일상
사랑한다고 말해줘,일상
사소한 걸로 트집잡는 사람 어떡해?,일상
사수 좋아하는 거 같애,일상
사수가 깐깐하게 군다,일상
사수가 일을 너무 못하네,일상
사수님 너무 좋아,일상
사업 구상,일상
사업 구상하고 있어,일상
사업 시작해도 될까,일상
사업 해볼까?,일상
사이코가 너무 많아,일상
사장이 월급을 안줘,일상
사전뜻이 이상해,일상
사전이 이상해,일상
사진 업로드해야겠다.,일상
사진 예쁘게 찍고 싶다.,일상
사진 올려야지,일상
사진 잘 찍고 싶어,일상
사진 정리 언제 다 하냐,일상
사진 정리가 안돼네,일상
사투리 귀여워,일상
사투리쓰는게 귀여워,일상
사표 낼까?,일상
사표 던지고 나오고 싶어,일상
사회생활에서 인간 관계가 어려워,일상
사회에서 좋은 사람 만날 수 있을까?,일상
사회에서도 좋은 사람 만날 수 있어?,일상
사회에서도 좋은 사람 많이 만날 수 있을까?,일상
산 넘어 산이네,일상
산다는건 뭘까?,일상
살 게 없네,일상
살 때문에 교복이 잘 안들어가,일상
살 만한게 없네,일상
살 좀 빼고 싶다,일상
살 좀 빼야되는데,일상
살 쪄서 교복이 껴,일상
살만해?,일상
살아서 좋은점,일상
살아야 하는 이유,일상
살이 안 쪄,일상
살이 안빠져,일상
살찐 거 같아,일상
삶에 지쳤어,일상
삼겹살 구워 먹고 싶다.,일상
삼겹살 구워 먹어야지,일상
삼겹살 구워야지,일상
삼겹살 냄새,일상
삼겹살 냄새 다 벴어,일상
삼겹살 먹고 싶다,일상
삼겹살에 소주,일상
삼겹살에 소주 먹고 싶어,일상
상 받고 싶어,일상
상 받으면 좋겠지?,일상
상 받을 거 같아,일상
상 좀 받아야 할텐데,일상
상관 없는 이야기만 해,일상
상사 너무 싫은데 좋아질 수 있을까?,일상
상사가 갈궈.,일상
상사가 미울 때,일상
상사가 미워,일상
상사가 진짜 미쳤다,일상
상사에게 안부 인사도 해야 돼?,일상
상사한테 또 깨졌어,일상
상사한테 또 혼남,일상
상의도 안하고 왜 혼자 결정 하지?,일상
상의도 없이 왜 그런 결정을 하지?,일상
상처 안 받고 싶다,일상
상처 좀 안 받고 싶다,일상
상처받았어,일상
상황이 안 좋아,일상
상황이 최악이다,일상
새 신발 샀어,일상
새 신발 선물 받았다,일상
새 옷 샀다,일상
새 운동화 사야지,일상
새 이불 덮었어,일상
새 집 가기로 했어,일상
새 집 샀어,일상
새 집으로 이사 가기로 했어,일상
새 휴대폰이 갖고 싶어,일상
새로운 게임 없나?,일상
새로운 곳에 적응을 못해,일상
새로운 공부 시작해도 될까,일상
새로운 마음으로,일상
새로운 마음으로 시작,일상
새로운 베프가 필요해,일상
새로운 베프를 만들고 싶어,일상
새로운 사람 만나는 게 스트레스야,일상
새로운 사랑이 찾아올까,일상
새로운 일 벌려도 될까,일상
새로운 일 해도 될까,일상
새벽 감성,일상
새벽되니까 감성적으로 되네,일상
새신발 샀는데 비와,일상
새신발 신고 놀러 가야지,일상
새신발 신고 좋은 곳 가야지,일상
새신발 신었는데 비와,일상
새이불 뽀송뽀송,일상
새치가 왜 이렇게 많을까,일상
새치가 왜 이렇게 많이 나지?,일상
새폰 케이스로 새옷 입혀 줄까,일상
새학기 준비 좀 해볼까,일상
새학기 준비해야지,일상
새학기 필기구 좀 사야지,일상
새학기 학용품 사야지,일상
새해 복 많이 받아!,일상
새해다!,일상
샌드위치 먹고 싶어,일상
샌드위치 생각 나,일상
샐러드 먹어야지,일상
생각 안나,일상
생각 없이 말했어,일상
생각만 해도 땀나네,일상
생각만 해도 마음이 무거워,일상
생각만해도 좋아,일상
생각보다 오늘 너무 춥네,일상
생각없이 말했어,일상
생각없이 상처줬어,일상
생각이 불순,일상
생각이 불순해져,일상
생각이 전혀 안나,일상
생각한 데로 안돼서 고민이다.,일상
생각할 수 있어?,일상
생각할 시간 조차 없어,일상
생각할 시간도 없는 느낌,일상
생각할수록 머리 아파,일상
생각해주는 척만 한거였어,일상
생각해주는 척하더니 더한 사람이었어,일상
생강차 끓여 먹어야겠다,일상
생강차 먹어야겠다,일상
생리통 너무 심해,일상
생리통 때문에 배 아파,일상
생리통 심해,일상
생판 모르는 사람이 아는척해,일상
생활비 다 썼네,일상
샤워가운 완전 유용해,일상
샤워가운 있으니까 좋다,일상
샤워하는데 밖에서 소리나서 쫄았어,일상
샤워하는데 창문 밖에서 소리나서 개쫄음,일상
서류도 안돼,일상
서류에서 떨어졌어.,일상
서류에서 떨어지다니,일상
서비스센터 가야겠네,일상
서비스센터 가야하게 생겼네,일상
서울 근교 데이트 추천해줘,일상
서울 근교에서 갈만한 곳 추천,일상
서점 왔어,일상
서점에 들렀어,일상
서핑 출발,일상
서핑하러 가고 싶다,일상
서핑하러 가야지,일상
선 들어왔어,일상
선 많이 볼거 같아,일상
선 볼까?,일상
선물 주세요,일상
선물로 인형 받았어,일상
선물받고 싶어,일상
선배가 선배같지 않아,일상
선배가 이상해,일상
선생님 좋아해,일상
선생님이 나만 뭐라고 해,일상
선생님이 나만 미워해,일상
선생님이 나한테 왜 그럴까?,일상
선생님이 좋아,일상
선생님이 차별하는 것 같아,일상
선생님이 친구랑 차별해,일상
선생님한테 선물 줘야 된대,일상
선생님한테 선물한대,일상
선이 많이 들어오네,일상
선자리 들어왔어,일상
선택 장애 같아,일상
선택 장애 있는 거 같아,일상
선택이 어려워.,일상
선풍기 틀어도 더워,일상
선풍기가 있어도 소용 없어,일상
선풍기만으로 안 되는 더위,일상
설날인데 볼 게 없어,일상
설날인데 재밌는거 안해,일상
설명 좀 해봐,일상
섬유유연제 향 좋다,일상
섬유유연제 향 좋은거 사야겠지,일상
성격이 안 맞나봐,일상
성격이 완전 반대야,일상
성격이 점점 날카로워져,일상
성공하고 싶다,일상
성공하면 계속 좋을 줄 알았는데,일상
성공하면 끝일줄 알았는데,일상
성공할 수 있을까,일상
성공할 수 있을까?,일상
성덕 되고 싶다,일상
성덕 되면 내 마음도 편해 지겠지,일상
성적 좀 좋았으면,일상
성적표 보시면 화내실텐데,일상
성형 견적 받아볼까,일상
성형 무서워,일상
성형 상담 받아 볼까,일상
성형 안해도 예쁜데,일상
성형 해도 될까,일상
성형할까,일상
세금 너무 많아,일상
세금 너무 많이 내는 거 같애,일상
세뱃돈 받았어 호호,일상
세뱃돈 받음,일상
세상엔 힘든 게 많다,일상
세상은 불공평해,일상
세상이 너무 무서워,일상
세상이 무서워,일상
세탁기 돌리는 중,일상
세탁소 가기 귀찮네,일상
세탁소 가기도 귀찮네,일상
셀카 잘 찍고 싶다,일상
셀카 잘 찍는 방법,일상
셀카 잘 찍어서 올리고 싶다.,일상
셀카 좀 잘 찍고 싶다,일상
셀카만 계속 찍어,일상
셀프 신행준비 팁 알려줘,일상
셀프웨딩 어떨꺼 같아,일상
셀프웨딩 해볼까,일상
셀프웨딩 힘든만큼 보람될까?,일상
셀프웨딩 힘들겠지,일상
셀프웨딩이 유행이래,일상
셀프인테리어 해볼까,일상
소개받았는데 카톡으로 연락 중,일상
소개받은 사람이랑 카톡으로 연락 중,일상
소개팅 시켜줘,일상
소개팅 하고싶다,일상
소개팅 해주고 욕먹음,일상
소개팅남 연락이 없어,일상
소개팅도 안 들어와,일상
소개팅으로 잘되기도 하나?,일상
소개팅으로 잘된 사람도 있나?,일상
소개팅이 왜 안 들어올까,일상
소개팅하고 연락이 안 와,일상
소개팅한다!,일상
소개해 준다는 사람도 없어,일상
소나기 내려,일상
소리지르고 싶어,일상
소문 날까봐 무서워,일상
소문이 안 좋아,일상
소액결제 엄청 나왔어,일상
소오름 쫙,일상
소원 뭐 말하지,일상
소원하는 대로 이루어졌으면.,일상
소통이 안돼,일상
소화가 안돼,일상
소화시켜야 하는데 움직이기가 싫어,일상
소화제 먹어야 겠다,일상
소화제 먹어야겠다,일상
속상해,일상
속았나,일상
속이 계속 안 좋아,일상
속이 안 좋아,일상
속이 영 안 좋아,일상
속이는 거 더 못하겠어,일상
속이는 거 더 이상 못하겠어,일상
손 베였어,일상
손 시려,일상
손 얼것 같음,일상
손 얼겠다,일상
손 잡았어,일상
손가락이 가늘고 긴 사람,일상
손가락이 예쁜 사람,일상
손님 싫어,일상
손님 오는 거 싫어,일상
손목 아파,일상
손목 아프다구,일상
손발이 차가워,일상
손수건 가지고 다닐걸,일상
손수건 안 가지고 나왔어.,일상
손이랑 발이 차가워,일상
손톱 정리 좀 할까,일상
손톱이 길어,일상
손톱이 너무 길어,일상
손톱이나 깎아야지,일상
손톱이나 짧게 깎아야지,일상
쇼핑 좀 해볼까,일상
쇼핑 중독인가봐,일상
쇼핑이나 할까,일상
쇼핑하고 싶다,일상
쇼핑했더니 힘드네,일상
숏컷 해볼까?,일상
숏컷트 어울릴까?,일상
수강신청 망했어,일상
수강신청 폭망,일상
수건 썩었어,일상
수건에서 냄새나,일상
수능 떨린다,일상
수능 어떻게해,일상
수능 잘 보는 방법,일상
수능시험에서 좋은 점수 받는 방법,일상
수도가 얼었나 물이 안나와,일상
수도가 얼었나봐,일상
수면양말 겁나 따뜻,일상
수면양말 포근포근 따뜻하다,일상
수박 맛있어.,일상
수박 먹어야지,일상
수분크림 듬뿍 바르고 자야겠다.,일상
수분크림 바르고 자면 나아질거야,일상
수상한 느낌이 든다,일상
수업시간 내내 잤어,일상
수염 기르고 싶다,일상
수염 기를까,일상
수염 길러볼까,일상
수염 미는 게 낫겠지,일상
수염 자르는 게 낫겠지,일상
수염 자르지 말까,일상
수영 막 잘하고 싶다.,일상
수영 배울까?,일상
수영 잘하고 싶어,일상
수영장 같이 가려고 해,일상
수영하러 다닐까?,일상
수제 빼빼로 어때?,일상
수족냉증이야,일상
수줍게 웃는게 귀여웠어,일상
수줍게 웃어주던 너,일상
수학여행가는데 옷 뭐입을까,일상
수학여행가는데 입을 게 없어,일상
수학여행때 뭐 입지?,일상
숙제 까먹었다.,일상
숙제 산더미,일상
숙제 안 한 듯,일상
숙제가 쌓여가,일상
숙취 때문에 지끈거려,일상
숙취 장난 아니야,일상
순간의 화를 못 참겠어,일상
술 고프다,일상
술 끊을거야,일상
술 땡겨,일상
술 마셔도 안 취해,일상
술 마시고 망가질테닷,일상
술 마시고 싶다,일상
술 마시러 가고 싶다,일상
술 많이 마셔야지,일상
술 먹고 싶어,일상
술 먹고 지갑 잃어버렸어,일상
술 먹고 카드 긁었어,일상
술 먹고 카드 너무 긁었어,일상
술 먹고 필름 끊겼어,일상
술 먹는 거 말고 친구랑 뭐하지,일상
술 먹으러 갔는데 연락이 안돼,일상
술 먹으면 연락이 안돼,일상
술 먹을 줄 알아?,일상
술 안 먹으면 친구랑 뭐하지,일상
술 잘 먹는다고 이야기해도 될까?,일상
술 잘하니,일상
술 좀 그만 마셔야지,일상
술 좀 마실까,일상
술 취해서 지갑 잃어버렸어,일상
술 한잔만 마셔도 어지러워,일상
술만 먹으면 전화를 안 받아,일상
술만 먹으면 집에 늦게 와,일상
술먹고 필름 끊겼어,일상
술을 너무 못 마셔,일상
술이나 마시고 싶다,일상
쉬고 싶다,일상
쉬고 싶은데 회식 가야돼,일상
쉬는 날에는 쉬고 싶다,일상
쉬는 중입니다.,일상
쉬마려,일상
쉬운 게 없네,일상
쉬운 게 하나도 없네,일상
쉬운 게 하나도 없는 듯,일상
쉽게 상처받는 거 같아,일상
슈퍼문이라더니 예쁘다.,일상
슈퍼문이야,일상
스노우보드 배우러 갈거댜,일상
스노클링 재미있을까?,일상
스노클링 해볼까?,일상
스케일링 하기 귀찮아,일상
스케일링 하러 가야지,일상
스쿼트 하면 무릎에 안좋겠지?,일상
스키 강습 받아야 될까?,일상
스키 배워보고 싶다.,일상
스키 안 타봤어,일상
스키 처음 타 봐!,일상
스키 처음 타는데 강습 받아야 되나?,일상
스키 첨 타 봤어.,일상
스키장 간다!,일상
스키장 알바 재밌대,일상
스키장 알바 하면 재밌을 듯,일상
스킨 떨어졌다,일상
스킨 없다,일상
스타벅스 가봤어?,일상
스타벅스 같은데 가봤어?,일상
스타트업에 가도 될까?,일상
스타트업에 취직해도 될까?,일상
스타트업에 투자하는거 어때?,일상
스타트업에 투자해볼까?,일상
스타트업하면 위험할까,일상
스터디 카페 왔어,일상
스터디 카페 좋다,일상
스테끼 먹은거 몇 년 만이냐,일상
스테이크 먹고 싶어,일상
스테이크 먹으러 가고 싶어,일상
스테이크 썰고 싶다,일상
스테이크 썰러 가고 싶어,일상
스트레스 만땅,일상
스트레스 받는 데 어떻게 하면 좋을까,일상
스트레스 받아,일상
스트레스 주는 사람 어떻게 하지?,일상
스트레스 주는 사람이 있어,일상
스트레스 참기 어렵다,일상
스트레스 팍팍,일상
스트레스 푸는 방법,일상
스트레스,일상
스트레스가 안 풀려,일상
스트레스를 가족한테 풀어,일상
스트레칭 해야되는데,일상
스트레칭해야지,일상
스팸 갑자기 왜케 많이 와,일상
스팸 메일 갑자기 많이 와,일상
스팸 문자 계속 와,일상
스팸 문자까지 오네,일상
스팸 전화 많이 와,일상
습관 고치는 거 너무 어려워,일상
습관 못 고치겠어,일상
습관을 고치기 어려워,일상
습관이 안 고쳐져,일상
시각한데 웃겨,일상
시간 버렸다,일상
시간 아까워,일상
시간 왤케 빨리감,일상
시간 잘 간다,일상
시간 잘 떼우는 방법,일상
시간 진짜 빨리감,일상
시간이 너무 빨리 가,일상
시간이 너무 안 가 지루해,일상
시간이 안 가,일상
시간이 휘리릭,일상
시간표 개판,일상
시간표 망함,일상
시간표 망했다.,일상
시간표 잘못짰다,일상
시간표대로 움직여,일상
시계 소리 짱 커,일상
시계 소리가 거슬려,일상
시계가 멈춘거 같아.,일상
시계줄 다른 색으로 바꿔야지,일상
시계줄 바꿔야지,일상
시계침 소리가 크게 들리네,일상
시곗바늘 소리가 너무 크게 들려,일상
시골 내려가서 살까,일상
시골에서 사는 거 어떨까?,일상
시급 얼마 받니,일상
시누 좀 이상한 듯,일상
시누이가 이상해,일상
시베리아 같아 추워,일상
시선이 자꾸 느껴져,일상
시어머니가 나만 미워하는 것 같아,일상
시어머니가 질투하는 것 같아,일상
시어머니가 질투해,일상
시어머니가 차별해,일상
시어머니될 사람이 진짜 이상해,일상
시원한 냉면 먹고 싶어,일상
시트지로 리폼해야겠다,일상
시트지로 붙여야겠다,일상
시험 공부 언제 다함,일상
시험 공부 큰일,일상
시험 기간인데 집중이 안돼,일상
시험 끝나고 만나고 싶어,일상
시험 끝나고 우리 만나자,일상
시험 보기 전날,일상
시험 보지 말까?,일상
시험 성적 가져가면 혼날텐데,일상
시험 없어졌으면 좋겠다,일상
시험 없어지면 좋겠다.,일상
시험 왜 안 없어지지,일상
시험 준비 빨리 끝났으면,일상
시험 준비 언제 끝나,일상
시험 지겨워,일상
시험을 꼭 봐야하나 도망가고 싶다.,일상
시험인데 집중 안돼,일상
식당이나 하나 내볼까,일상
식비가 너무 많이 나와,일상
식비가 어마무시하다,일상
식욕이 없어,일상
식욕폭발,일상
식욕폭발해서 폭풍 먹방 찍었어,일상
신경 쓰여,일상
신경이 바늘 끝 같아,일상
신기한 일들이 많이 일어나,일상
신기해,일상
신뢰 회복할 수 있을까?,일상
신뢰에 금 간 거 같은데 회복할 수 있을까?,일상
신발 새로 샀다,일상
신발 선물 받았어,일상
신용카드 다 없애야겠어,일상
신입이 벌써 치고 올라온다,일상
신행준비 혼자 할 수 있을까?,일상
신혼여행 가서 돌아오기 싫다,일상
신혼여행 길게 가고 싶다,일상
신혼여행 한달쯤 가고 싶다,일상
신혼집 꾸미고 싶어,일상
신혼집 인테리어 어떻게 하지,일상
실내 데이트 어디가 좋을까,일상
실내 데이트 추천,일상
실망 안시키면 좋겠다,일상
실망하지 않았으면 좋겠다,일상
실비 드는게 좋을까,일상
실비 들까,일상
실수한거 같아,일상
실수했다.,일상
실험실 더러워,일상
실험실이 너무 더러워,일상
심부름 간다,일상
심부름 다녀올게,일상
심술나,일상
심심아 심심하다,일상
심심하다,일상
심심하다고,일상
심심한데 뭐 재미있는거 없을까,일상
심심한데 뭐하면 좋을까,일상
심심한데 뭐하지,일상
심심해,일상
심심해요,일상
심증은 있는데 물증이 없네,일상
십년감수했어,일상
싱크대 리폼할거야,일상
싸게 팔길래 샀어,일상
싸우면 안되는데,일상
싸우면 연락 안 받는 사람 어떻게 해?,일상
싸우면 연락이 안돼,일상
싸우면 자꾸 잠수를 탄다 답답해,일상
싸우면 잠수타는 사람?,일상
싸운 이유도 기억 안나,일상
싸움을 피하는 방법,일상
싸웠는데 화해 어떻게 하지,일상
싸웠을 때 어떻게 해?,일상
쌍커풀 해볼까,일상
쌍커풀성형할까,일상
쌤이 나만 뭐라 해,일상
썸 중인거 이야기할까,일상
썸타는거 친구한테 이야기 한고 싶다.,일상
쓰던 앱이 유료로 전환됐어,일상
쓰레기 언제 비워,일상
쓰레기기는 또 언제 치워,일상
쓸데 없는 걱정 1위 연예인 걱정,일상
쓸데없는 일 하는중,일상
쓸모 없게 느껴져,일상
쓸쓸하다,일상
씻고 자야 되는데,일상
씻고 자야지,일상
씻기 싫어,일상
씻기도 귀찮다,일상
아 놔 생리통,일상
아 놔 왜 사냐,일상
아 땀난다,일상
아 몰라 자야겠다.,일상
아 스트레스 받아,일상
아 잇몸 시려,일상
아 진짜 아쉽다.,일상
아기 키우는거 너무 어려울 것 같아,일상
아기 키울 수 있을까,일상
아날로그 감성 좋다,일상
아날로그 감성 카메라 샀어,일상
아날로그가 좋아,일상
아놔 동생이 약점 잡고 늘어지네,일상
아놔 왜 이러지,일상
아놔 코 막혀,일상
아는데 모른척하나?,일상
아닌 척 하면서 나 싫어해,일상
아메리카노 한 잔,일상
아무 것도 하기 싫어,일상
아무 데도 안 나가고 집에 있고 싶다,일상
아무 생각 없이 놀고 먹고 싶어,일상
아무 생각 없이 쉬고 싶다,일상
아무 생각이 안든다.,일상
아무것도 안하고 집에서 뒹굴거리고 싶어,일상
아무것도 하고 싶지 않으면서 아무거나 하고 싶어,일상
아무것도 하기가 싫어,일상
아무도 모르게 있고 싶어,일상
아무도 안 놀아줘,일상
아무도 없어,일상
아무래도 속은 거 같아,일상
아무래도 우울증 걸린 거 같아,일상
아무래도 전공을 잘못 골랐나봐,일상
아무래도 탈모왔나봐,일상
아무리 열심히 해도 선천적인 건 못 따라가겠지?,일상
아무리 열심히 해도 타고난 사람은 못 따라가겠지?,일상
아무리 해도 안돼,일상
아무말이나 막했어,일상
아부 잘 하는 사람 부러워,일상
아부 잘 하는 사람 부럽기도 해,일상
아부도 기술인가봐,일상
아부쟁이가 부러워,일상
아빠 술 좀 끊으라고 해줘,일상
아빠가 담배 그만 피웠으면,일상
아빠가 담배 끊었으면 좋겠어,일상
아빠가 술 너무 많이 먹어,일상
아빠가 술 좀 그만 먹었으면,일상
아빠가 술 좀 끊었으면,일상
아쉬움만 남아,일상
아예 모르는 것도 아니고 얼굴만 아는 민망한 사이가 있어,일상
아예 일찍 출근하면 되겠지.,일상
아예 일찍 출근해야지,일상
아울렛 가서 쇼핑하고 옴,일상
아울렛 쇼핑 재밌다.,일상
아이고 소리가 절로 나온다,일상
아이고 의미 없다.,일상
아이고 추워라,일상
아이공 허리 아파라,일상
아이돌 너무 좋아,일상
아이돌 오빠들 좋아,일상
아이돌이 남친이면 좋을텐데,일상
아이돌이 여친이면 좋겠다.,일상
아이디 생각 안나,일상
아이라이너 그리기 귀찮은데 문신할까?,일상
아이라이너 문신 해볼까,일상
아이스크림 너무 비싸,일상
아이스크림이 오랜만에 사먹는데 너무 비싸,일상
아주 잊기로 독하게 마음 먹고 신나게 놀고 있습니다,일상
아직 결정 못 내렸어,일상
아직 노후 준비는 이르지?,일상
아직 많이 부족한가,일상
아직 장난인 것 같아,일상
아직도 공부할 게 많아,일상
아직도 모르는게 너무 많은 것같아,일상
아직도 안 끝났어,일상
아침 꼭꼭 먹어야지,일상
아침 먹었니,일상
아침 먹었더니 든든하네,일상
아침 안 먹는데 자꾸 먹으라고 그래,일상
아침 일찍 일어나 조깅하고 있어,일상
아침 챙겨 먹어야지,일상
아침밥 먹을 시간 없어서 굶었더니 배고파,일상
아침밥 못 먹었더니 배고파,일상
아침부터 피곤해,일상
아침에 들을 노래 뭐가 좋을까,일상
아침에 들을 노래 추천해줘,일상
아침에 일어나는 거 힘들다,일상
아침에 일어나면 물 한 잔 마시기,일상
아침에 일어나서 뭔가 해보려고,일상
아침에 일어났다가 또 잤어,일상
아침에 일찍 일어나서 뭔가 해야겠어.,일상
아파,일상
아파서 어떡해,일상
아파트 사고 싶다,일상
아파트로 이사 가고 싶다.,일상
아파트에서 살고 싶다,일상
아프면 안 되는데,일상
악몽 꿨어,일상
안 끝나,일상
안 데려다 줬어,일상
안 싸우는 법,일상
안경 말고 렌즈 껴야겠어,일상
안경 바꿔야지,일상
안경 벗고 완전 훈녀,일상
안경 벗었는데 완전 훈남,일상
안경 벗었는데 차이가 없어,일상
안경 벗으니까 완전 예뻤어,일상
안경 벗으니까 훈훈하더라,일상
안경 벗으면 나으려나,일상
안경 빼니까 다른 사람,일상
안경 빼니까 예뻐보여,일상
안경 안 어울리는 거 같아,일상
안경 안꼈는데 아무도 몰라,일상
안경테 뭐로 바꿀까,일상
안경테 바꾸면 인상이 바뀔까,일상
안경테 바꿀까봐,일상
안경테 바꿔야되는데,일상
안나가고 뒹굴거리고 싶어,일상
안녕,일상
안녕안녕,일상
안녕하세요,일상
안뇽,일상
안될거 같아,일상
안부 인사까지 해야 돼?,일상
안주 뭐 먹을까?,일상
안주 추천 좀,일상
안친한데 연락해도 될까?,일상
알뜰폰 괜찮을까,일상
알뜰폰 샀어,일상
알뜰폰 어때?,일상
알뜰폰으로 바꿨어,일상
알바 같이 하는 사람 좋아,일상
알바 구해볼까,일상
알바 생각보다 힘들다.,일상
알바 집 알바 집 이게 뭐냐,일상
알바 하나 더 구해야겠어,일상
알바구함,일상
알바만 하고 살고 있어,일상
알바하고 싶어,일상
알바하기 힘들다,일상
알바하는데 같이 일하는 사람 좋아져,일상
알아들은 척했는데 모르겠어,일상
앞머리 길러볼까,일상
앞머리 내릴까?,일상
앞머리 내릴까봐,일상
앞머리 다시 길러볼까,일상
앞머리 떡졌어,일상
앞머리 만들까?,일상
앞으로 나가지 않고 이렇게만 살고싶어,일상
앞으로 뭐 해먹고 사냐,일상
앞으로 뭐하고 살지,일상
앞으로 어떻게 살지?,일상
앞으로 조심해야겠다.,일상
애기가 밥을 너무 안 먹어,일상
애기가 밥을 안 먹어,일상
애들 총회 가야겠죠?,일상
애들 총회에 왜 나를 오라고 하냐,일상
애를 나혼자 키우는 것 같아,일상
애매한 관계,일상
애버랜드 가고 싶어,일상
애완동물 키우고 싶어,일상
애완동물 키우고 싶은데 아빠가 못 키우게 해,일상
애완동물 키우고 싶은데 아빠가 키우지 말래,일상
액정 나갔어,일상
야,일상
야경 보고 싶다,일상
야경 보러 가고 싶다,일상
야구장 고고,일상
야구장이나 갈까,일상
야근 좀 그만하고 싶어,일상
야근각,일상
야근할 줄 모르고 약속 잡았어,일상
야식 먹고 싶어.엉엉,일상
야식 먹고 싶은데 살 찔 거 같아,일상
야식 먹을까 말까,일상
야외에서 먹으니까 더 맛있어,일상
약 기운에 졸음이 몰려왔어,일상
약 먹고 나아야지,일상
약 먹었더니 졸려,일상
약 챙겨 먹어야지,일상
약속 있는데 야근이네,일상
약초 캐볼까?,일상
양말 구멍 난거 지금 봄,일상
양말 구멍 났다,일상
양말에 빵꾸난 거 봤나,일상
양배추즙 맛없어,일상
양배추즙 최악,일상
양심에 찔려,일상
양심이 콕콕,일상
양초 선물 받았어,일상
양키캔들 선물받았어,일상
얘는 싸우기만 하면 연락이 안돼,일상
어둠아 끝나라,일상
어둠에서 나와야 할 듯,일상
어둠의끝,일상
어디서 맛난 냄새가 나는데,일상
어디서 피해자 코스프레임?,일상
어디서부터 잘못된 걸까,일상
어딘가 떠나고 싶다.,일상
어떤 사람이랑 결혼해야할까,일상
어떤 영화 볼까,일상
어떻게 벌어 먹고 살지,일상
어떻게 서류에서부터 계속 떨어져,일상
어떻게 하면 나를 좋아하게 만들지,일상
어떻게 하면 좋을까?,일상
어떻게 하면 호감형이 될까,일상
어떻게 화해하지,일상
어떻게해 늦잠 잤어,일상
어려 보이고 싶어,일상
어려지고 싶어,일상
어렸을 때 공부 좀 할 걸,일상
어렸을때 공부할껄,일상
어렸을때는 공부하기 싫었는데 지금은 하고 싶네,일상
어렸을때는 비슷했던 거 같은데,일상
어렸을때로 돌아가고 싶어,일상
어른이 된다는 건 뭘까,일상
어른이 된다는 것,일상
어린 시절로 돌아가고 싶어,일상
어린이집 방학이래,일상
어린이집 입학식 가야겠지,일상
어린이집 입학식 꼭 참석해야하나?,일상
어머,일상
어머나,일상
어색한게 얼굴에 티 나,일상
어이가 없네,일상
어이가 없어서,일상
어이상실,일상
어이없어,일상
어제 밤 샜어,일상
어제 술마시고 나서 기억 안나,일상
언니가 있으면 뭐가 좋아?,일상
언니랑 다퉜어,일상
언니랑 전쟁 중,일상
언제 다 고쳐,일상
언제쯤 예쁘게 화장 잘할까,일상
언젠가 자기 복제가 될까,일상
언젠가는 나를 좋아해 주는 사람 있겠지?,일상
얼굴 너무 까매졌어.,일상
얼굴 너무 탔다,일상
얼굴 보니까 떨리더라,일상
얼굴 엄청 작은 거 부러워,일상
얼굴 작은 거 부러워,일상
얼굴 평가해 달래,일상
얼굴만 아는 민망한 사이가 있어,일상
얼굴은 내 스타일 아닌데 점점 좋아지는 거 같아,일상
얼른 아아야 할텐데,일상
얼마나 행복해질려고 이렇게 힘들지,일상
얼마전 재회했는데,일상
얼어 죽는 줄,일상
얼어죽는 줄 알았어,일상
얼집 방학이래,일상
얼평해달라는 사람 어떻게 생각해?,일상
엄마 기대 때문에 부담돼,일상
엄마 말씀 안 들은거 후회돼,일상
엄마 말씀 잘 들을걸,일상
엄마 미안해,일상
엄마 밥 먹고 싶다,일상
엄마 밥 생각나,일상
엄마 보고 싶다,일상
엄마 생각난다,일상
엄마 힘들게 했어,일상
엄마가 나 때문에 힘든 거 같아,일상
엄마가 나만 시켜,일상
엄마가 나한테 기대가 너무 큰 거 같아서 부담스러워,일상
엄마가 내 방에 막 들어와,일상
엄마가 동생이랑 차별해,일상
엄마가 동생한테만 잘해줘.,일상
엄마가 선 보라고 하시는데,일상
엄마가 안 왔으면 좋겠어,일상
엄마가 언니랑 나랑 차별해,일상
엄마가 언니랑 차별해,일상
엄마가 자꾸 나만 시켜,일상
엄마는 뭐하나,일상
엄마라고 자식방에 막 들어오면 안돼지,일상
엄마랑 둘이 여행가,일상
엄마랑 싸웠어,일상
엄마랑 아빠처럼 살고 싶다,일상
엄마랑 여행 안 가봤는데,일상
엄마아빠 노후가 걱정돼,일상
엄마아빠 보고 싶다,일상
엄마아빠랑 다시 같이 살아야돼,일상
엄마한테 또 화냈어,일상
엄마한테 막말했어,일상
엄마한테 미안해,일상
엄마한테 손 좀 벌려야겠다,일상
엄마한테 혼났어,일상
엄청 오래 만났어,일상
업데이트가 너무 오래 걸려,일상
업데이트가 엄청 느려,일상
업무 끝내고 집 갈 수 있을까,일상
업무 스트레스 넘 심해,일상
업무 지적 또 받음,일상
업무 지적을 너무 많이 받아,일상
업무가 쌓여있어,일상
엇갈리는 느낌 싫다,일상
엇갈리지 않았으면 좋겠다,일상
에어 후라이어 사고 싶다.,일상
에이 짱나,일상
에이씨,일상
엠티 꼭 가야해?,일상
엠티 안 가도 돼지?,일상
여기 있으니까 좋다,일상
여기 좋아,일상
여기까지가 한계야,일상
여기까지가 한계인 거같아,일상
여드름 났어,일상
여드름 때매 스트레스받아,일상
여드름 손으로 짰어,일상
여드름 짰어,일상
여드름 피부 화장으로 가릴까?,일상
여르름 또났어,일상
여름 끝났으면,일상
여름 빨리 지나갔으면,일상
여름 휴가 어디가 좋을까,일상
여름 휴가 어디가지?,일상
여름에는 냉면만한게 없는 듯,일상
여름에는 냉면이지,일상
여름인데 태닝할까,일상
여우같은 사람 진짜 싫어,일상
여우같은 애한테 당했어,일상
여우같은 짓하는 사람 싫어,일상
여우한테 당했어,일상
여유가 너무 없어,일상
여유롭게 살고 싶어,일상
여자 어디서 만나,일상
여자 친구랑 연락이 안돼,일상
여자로 태어 났으면 어땠을까?,일상
여자야 남자야,일상
여자예요? 남자예요?,일상
여자친구가 교환학생 간대,일상
여자친구가 교환학생 다녀온대,일상
여자친구가 남의 눈을 너무 신경써,일상
여자친구가 너무 예뻐,일상
여자친구가 맨날 욕해,일상
여자친구가 왜 화났는지 모르겠어,일상
여자친구가 욕했어,일상
여자친구가 자꾸 질리게 한다,일상
여자친구가 전화를 안해,일상
여자친구가 전화하는 걸 안 좋아해,일상
여자친구가 혼자 여행 가보고 싶다는데,일상
여자친구가 혼자 여행 간다는게 화나,일상
여자친구랑 전화 안 받네.,일상
여자친구랑 종교 때문에 다툼,일상
여자친구랑 종교가 달라,일상
여자친구한테 질린 듯,일상
여자해보고 싶어,일상
여친 데려다 주고 막차 놓침,일상
여친 진짜 예쁘다,일상
여친이 맨날 욕해,일상
여친이 셀카 너무 많이 찍어,일상
여친이 화난 이유를 아직도 모르겠어,일상
여행 가고 싶은데 시간이 없어.,일상
여행 가야지,일상
여행 계획 세워야지,일상
여행 어디가지,일상
여행가고 싶다,일상
여행갈 시간도 없다,일상
여행지 추천,일상
역류성 식도염 온 거 같아.,일상
역류성 식도염이 또 도졌어,일상
역시 나는 천재야,일상
역시 이불밖은 위험해,일상
연금 믿어도 될까,일상
연금 받을 수 있을까,일상
연락 또 해도 되겠지,일상
연락 많이 해도 되겠지,일상
연락 안 하던 친구한테 연락해도 되나,일상
연락 안오면 걱정돼,일상
연락 안오면 어쩌나 걱정되네,일상
연락 안해서 미안해,일상
연락 어떻게 시작함,일상
연락 없더니 갑자기 왜 만나자고 하지?,일상
연락 좀 빨리 하지,일상
연락 좀 빨리빨리 했으면 좋겠다.,일상
연락 좀 안 왔으면 좋겠어,일상
연락 처음에 어떻게 시작함,일상
연락 하지 말라고,일상
연락이 너무 안돼,일상
연락이 될까,일상
연락이 될지 모르겠네,일상
연락하는 게 어색해,일상
연락하는 게 익숙하지가 않아,일상
연봉대비 근무시간이 너무 긴 거 같애,일상
연상이 좋아,일상
연애 갱년긴가,일상
연애 상담 가능?,일상
연애 상담 해줄래?,일상
연애 위기인 거 같아,일상
연애 하고 싶어,일상
연애는 도대체 어떻게 하는거야,일상
연애는 어떻게 하는 거야,일상
연애하고 나만 살 쪘나봐,일상
연애했더니 살찐 듯,일상
연예인 걱정이 제일 쓸데 없어,일상
연예인 되고 싶어,일상
연예인 되는 방법,일상
연예인 되면 피곤하겠지?,일상
연예인도 힘든게 있겠지?,일상
연예인도 힘들겠다.,일상
연예인도 힘들겠지?,일상
연일 최고 몸무게 갱신하네.,일상
열나고 아파,일상
열쇠 두고 왔다,일상
열쇠 안가지고 왔다,일상
열심히 공부해야지,일상
열심히 한 거 같은데,일상
열심히 한 거 같은데 결과가 왜 이러지,일상
열심히 한 거 같은데 망,일상
염색이나 해야지,일상
염색하는게 좋을까?,일상
염색해볼까?,일상
엿같다.,일상
엿같은 상황,일상
영양제 뭐가 좋아,일상
영양제 좀 먹을까,일상
영양제 챙겨 먹을 나이가 됐어,일상
영어 잘 했으면,일상
영어 잘 했으면 좋겠다,일상
영어학원 다녀볼까,일상
영어학원 좀 다닐까,일상
영화 보러 왔어,일상
영화 추천,일상
영화가 재미 없어,일상
영화관 알바 하고 싶다,일상
영화관 알바하면 좋겠다.,일상
영화관 혼자 왔어,일상
영화보고 왔다,일상
영화봤는데 재미 없어,일상
옆에 있는 사람이 중요해,일상
옆에 있는 사람한테 너무 소홀했던거 같아,일상
예능 볼 게 없다,일상
예능도 이제 재미없어,일상
예비 시어머니가 이상해,일상
예쁘다고 말해줘,일상
예쁜 카페 찾아가 볼까?,일상
예의 차리래 지는?,일상
예전 게임인데 재밌다,일상
예전에는 비슷했는데,일상
옛여자친구가 준 편지 못 버리겠어,일상
오 좀 멋있는데,일상
오늘 괜히 기분 꿀꿀해,일상
오늘 그냥 쉬고 싶다,일상
오늘 기분 좋아,일상
오늘 기분은 설명이 안돼,일상
오늘 기분을 뭐라고 해야하나,일상
오늘 길 너무 막히더라,일상
오늘 길 많이 막히더라,일상
오늘 까먹고 아무 것도 안 가져 왔다,일상
오늘 나 좀 잘생겨 보인다.,일상
오늘 날씨 좋아서 놀러가고 싶어,일상
오늘 날씨 죽인다,일상
오늘 날이 좋아,일상
오늘 너무 졸려,일상
오늘 너무 피곤해,일상
오늘 너무 힘들다,일상
오늘 또 늦잠잤어,일상
오늘 또 하루 살았네,일상
오늘 라면 먹고 싶어,일상
오늘 라면 먹어야지,일상
오늘 머리 안 감았는데,일상
오늘 못 만났어,일상
오늘 무슨 날인가,일상
오늘 물 진짜 조금 마셨다,일상
오늘 뭐 입지?,일상
오늘 뭐 재미있는거 하는 날인가,일상
오늘 미세먼지 어때?,일상
오늘 보름달이다.,일상
오늘 보름달이야,일상
오늘 상 받았다,일상
오늘 생각보다 춥네,일상
오늘 아무 것도 안 가져 왔다,일상
오늘 야근인가,일상
오늘 왤케 추워,일상
오늘 운이 꽝이다,일상
오늘 운이 안 좋았어,일상
오늘 유난히 지하철에 자리가 없어,일상
오늘 일도 안 했는데 엄청 피곤해,일상
오늘 저녁 뭐 먹을까,일상
오늘 저녁은,일상
오늘 점심 뭐 먹을까,일상
오늘 점심은,일상
오늘 좀 건조한 거 같애,일상
오늘 좀 바쁘네,일상
오늘 지각인듯 뭐라 그러지,일상
오늘 처리할 일 너무 많아,일상
오늘 처리할 일이 쌓인다,일상
오늘 첫 출근이야,일상
오늘 초미세먼지도 심하대,일상
오늘 치마랑 바지 뭐 입지?,일상
오늘 침대밖으로 안 나가야지,일상
오늘 팩 하고 자야지,일상
오늘 하루도 이렇게 마무리,일상
오늘 햇볕 좋다,일상
오늘 화장 떴어,일상
오늘 화장이 안 먹어,일상
오늘 회식 안하나,일상
오늘나 어제이나 똑같아,일상
오늘도 공기가 뿌얘,일상
오늘도 그냥 그냥,일상
오늘도 그냥 그냥 다갔네.,일상
오늘도 꾸준히 회사 가시 싫다.,일상
오늘도 끝,일상
오늘도 날씨가 뿌얘,일상
오늘도 또 이렇게 가는구나,일상
오늘도 어제랑 똑같아,일상
오늘도 퇴근길 엄청 막히네,일상
오늘도 평온해,일상
오늘도 힘차게 시작,일상
오늘따라 너무 힘들게 한다.,일상
오늘따라 엄마 보고 싶어,일상
오늘은 결재 받아야지,일상
오늘은 결재가 나야 할텐데,일상
오늘은 교회 안가면 안될까,일상
오늘은 내가 기분이가 좋아,일상
오늘은 또 뭐 입냐,일상
오늘은 또 뭘 먹나,일상
오늘은 또 어떻게 버티지?,일상
오늘은 뭐 먹을까?,일상
오늘은 별도 안 보이네,일상
오늘은 샐러드만 먹어야지,일상
오늘은 쉬고 싶다,일상
오늘은 진짜 대청소 한다.,일상
오늘은 집에 있고 싶어,일상
오늘은 치맥이야,일상
오늘은 파도가 잔잔하네,일상
오늘은 학교 가고 싶지 않아,일상
오늘이 천일이네,일상
오디션 나가볼까,일상
오디션 도전해볼까,일상
오래 살고 싶다,일상
오래 살고 싶어,일상
오래 살아야 할텐데,일상
오래 살아야할텐데,일상
오래된 게 좋겠지,일상
오래된 게 좋은 것도 있지,일상
오랜 시간을 함께해도 이해하지 못하겠어,일상
오랜만에 떨려서 좋았는데,일상
오랜만에 보니까 떨리더라,일상
오랜만에 서점에 갔었어,일상
오랜만에 쇼핑,일상
오랜만에 스테끼 먹고 싶어,일상
오랜만에 아침 먹었어,일상
오로라 보러 가고 싶다,일상
오로라 보러 여행 가고 싶다,일상
오싹한 이야기 해줄까,일상
오지마,일상
오토바이 사고 싶어,일상
오토바이 위험하겠지?,일상
오토바이 있었으면 좋겠다,일상
오토바이 타고 싶다,일상
오토바이 타고 싶은데 무서워,일상
오토바이 타러 가고 싶다.,일상
오후되면 얼굴에 개기름 껴,일상
옥상에 뭐 좀 심어볼까,일상
온다고 했는데 왜 안 오지?,일상
올해 계속 안 좋네,일상
올해 왜 이러지,일상
올해 왜 이렇게 엉망이지,일상
올해 이상해,일상
올해도 건강하길,일상
옷 걸 데가 없어,일상
옷 사 줘,일상
옷 좀 사줘,일상
옷은 많은데 입을 게 없어,일상
옷이 다 젖었어,일상
옷장이 점점 줄어들어,일상
와 소름 돋아,일상
와 체육대회다,일상
와인 마실까?,일상
와인 콜?,일상
와인 한 잔 할까,일상
와인 한잔 짠,일상
와플 기계 사고 싶다,일상
와플 기계사서 집에서 만들어 먹고 싶다,일상
와플 먹고 싶어,일상
완벽하게 좀 하고 싶다.,일상
완벽한 사람이 되고 싶어,일상
완벽해지고 싶어,일상
완벽해지는 방법,일상
완전 계탄 느낌,일상
완전 복붙으로 잘하더라고,일상
완전 시간 아까워,일상
완전 재미 없거든,일상
완전 좌절이다.,일상
왕따된 거 같아,일상
왕따인가 봄,일상
왕만두 맛있는데,일상
왜 갑자기 연락했을까?,일상
왜 계속 한숨 나오지?,일상
왜 공부해야하는지 모르겠어,일상
왜 교양도 들어야 해,일상
왜 그러는지 모르겠어,일상
왜 나를 의심하지,일상
왜 나만 시키지,일상
왜 나한테 피해를 주냐고,일상
왜 내가 해야 하지?,일상
왜 답장을 안하지,일상
왜 돈이 없지,일상
왜 때문에 나만 시키냐고,일상
왜 말을 못해 말을 못하냐구,일상
왜 말을 이해를 못하냐구,일상
왜 맨날 속는 건 나인거지?,일상
왜 비난만 할까,일상
왜 살까,일상
왜 서류에서 떨어지지?,일상
왜 성적이 안오를까?,일상
왜 싸웠는지도 기억 안나,일상
왜 안 하지,일상
왜 이런 일이 일어날까,일상
왜 이렇게 돈이 없지,일상
왜 이렇게 쓸쓸하지,일상
왜 이렇게 태어났을까?,일상
왜 이상한 말 해,일상
왜 이제 만나자고 했을까?,일상
왜 이제 찾는걸까?,일상
왜 이제서야 연락했을까?,일상
왜 이제서야 찾아온거야?,일상
왜 잠을 못 자는 걸까?,일상
왜 진급이 안 되지,일상
왜 카톡 답장을 안하지,일상
왤케 춥냐,일상
외국어 꼭 해야되나,일상
외국어는 필수인가,일상
외로워,일상
외모에 자신이 없어,일상
외식 너무 많이 했다,일상
외제차 갖고 싶다,일상
외제차 타고 싶어,일상
외향적이면 좋을텐데,일상
왼손잡이가 뭐 어때서,일상
왼손잡이가 잘못이야?,일상
요가 온 아줌마들이 참견해,일상
요가하는데 아줌마들이 참견해,일상
요리 재밌어,일상
요리하는게 재밌어,일상
요번 방학에 뭐하지,일상
요즘 광고가 너무 길어,일상
요즘 나 왜 이러지,일상
요즘 너무 지루해,일상
요즘 뉴스가 재미가 없네,일상
요즘 되는 일이 없네,일상
요즘 드라마 너무 재밌네,일상
요즘 드라마가 땡겨,일상
요즘 사람이 무서워,일상
요즘 속이 안 좋아,일상
요즘 웃을 일이 없네,일상
요즘 자꾸 까먹어,일상
요즘 자꾸 깜빡깜빡해,일상
요즘 잠을 늦게 자,일상
요즘 잠을 못자,일상
요즘 제정신이 아니야,일상
요즘 조깅하고 있어,일상
요즘 조심할 게 많아,일상
요즘 핫한 건?,일상
요즘 핫한 게 뭐야,일상
요즘에는 외국어도 잘해야하나봐,일상
요즘에는 중국어도 잘해야하나봐,일상
욕먹었어 여자친구한테,일상
욜로!,일상
용돈 넘 적어,일상
용돈 다 썼어,일상
용돈 달라고 졸라볼까?,일상
용돈 받음,일상
용돈 벌써 다 썼어,일상
용돈 벌써 없어,일상
용돈 올려줬으면,일상
용돈 인상해 달라고 말할까,일상
용돈 줘,일상
우리 같이 놀자,일상
우리 계속 엇갈림,일상
우리 과에 좋아하는 애 있어,일상
우리 남편 또 늦게 들어와,일상
우리 분위기 좋았는데,일상
우리 집에도 고양이 있으면 좋겠다.,일상
우리 학과 어떤 애 쫌 훈훈하다,일상
우리가 좋은데 왜 반대하시지,일상
우리집 망한 거 같애,일상
우리집 망한 거 같은데 나 어떡하지?,일상
우리집 망했다,일상
우리집에 놀러와,일상
우산 같이 쓰자고 해볼까?,일상
우산 놓고왔다.,일상
우산 또 놓고 왔어,일상
우산 또 사야하나,일상
우산 또 안가지고 왔다,일상
우산 몇 개째 사는 건지,일상
우산 없는데 같이 쓰자고 할까 너무 진부한가,일상
우산 잃어버렸어,일상
우산빌려달라고 해볼까?,일상
우산을 들고 기다려 준데,일상
우산이 없는데 빌릴까,일상
우아하게 화내는 법,일상
우연이 만났는데 운명이 됐어,일상
우연이 운명이 됐어,일상
우연히 또 만났어,일상
우울증 걸린 거 같아,일상
우정이 뭐야?,일상
우정이 뭘까,일상
우정이란게 뭘까,일상
운동 갔다 다칠 뻔했어,일상
운동 매일러 가기 힘들다,일상
운동 매일하기 힘들다,일상
운동 오지게 했어.,일상
운동 잘 하고 싶어,일상
운동 잘하는 사람 멋있어,일상
운동 좀 잘 하고 싶다. 진짜,일상
운동 좀 해야겠다.,일상
운동을 너무 열심히 했어,일상
운동하다 다칠뻔,일상
운동하면 뭐 하나,일상
운동해도 살이 안 빠져,일상
운동해야지,일상
운동화 새로 사야지,일상
운동화 신을까? 구두 신을까?,일상
운동화가 나을까? 구두가 나을까?,일상
운명 같은 사랑 가능할까?,일상
운명이 슬프다,일상
운명이 있을까,일상
운명인 것 같아,일상
운명인가,일상
울 남친은 애교가 많아,일상
울 애기 너무 예뻐,일상
울적하다,일상
울적한 기분,일상
울적한 기분이 안 없어져.,일상
울적해 울고 싶어,일상
울적해서 거리를 걷고 있어,일상
움직임이 없어.,일상
웃게 만드는 너란 녀석,일상
웃겨 줘,일상
웃겨봐,일상
웃으면 안되는데,일상
웃을 일이 없네,일상
웃을 줄 알았지,일상
워킹맘 진짜 힘들다,일상
원두 갈았어,일상
원두커피 갈아서 마시려고,일상
원래 일은 혼나면서 배우는 거야?,일상
원서 낸거 1지망에서 떨어졌어,일상
원피스 입는 게 낫겠지,일상
원피스 입을까,일상
월급 들어왔어,일상
월급 받아서 주택청약 들었어,일상
월급 올라서 기분 좋아,일상
월급 올랐어!,일상
월급 입금됐다고 문자 왔어,일상
월급만 나만 그대로야,일상
월급에 비해 근무시간이 너무 긴 거 같애,일상
월급은 안 오르고,일상
월급이 살짝 스쳐 지나간 느낌,일상
월급이 안 오르네,일상
월급이 안들어와,일상
월급이 왜 똑같지?,일상
월세 너무 비싸,일상
월세 너무 아까워,일상
월세 아까워,일상
월세방 비싸,일상
월요일도 아닌데 길이 너무 막혀,일상
월요일도 아닌데 차가 너무 많아.,일상
웨딩촬영 봐주러 갔는데 너무,일상
웹툰 뭐 볼까,일상
웹툰 추천해줘,일상
위기야.,일상
위로받고 싶은 날,일상
위로해줄 사람이 없어,일상
위로해줄 사람이 필요해,일상
위병 난 거 같아,일상
위장에 탈 난 거 같아,일상
위층 너무 시끄러워,일상
위층 소음 괴롭다.,일상
윗집 애 또 뛴다,일상
유기견 분양 받으려고,일상
유기견 입양하려고,일상
육아휴직 해야지,일상
으아 떨려,일상
으아 속상해,일상
으악,일상
으악 소리 지르고 싶다,일상
으으 화장실 급해,일상
으으 떨린다,일상
은근히 따돌림 당하는 기분이 들어,일상
은퇴가 멀지 않은 것 같아,일상
은퇴하고 뭐하지,일상
은퇴후가 걱정이야,일상
은퇴후에 뭐하지,일상
은행 대출 받을까봐,일상
음,일상
응,일상
의미 없어,일상
의미 있는 일 하고 싶다.,일상
의미 있는 일이 뭐가 있을까,일상
의심 받고 있어,일상
의심 받는 느낌적 느낌,일상
의심가는 사람이 있는데,일상
의심되는데,일상
의외로 괜찮은 사람이네,일상
의외야,일상
의외인 점이 많은 사람이야,일상
의외인듯,일상
의욕상실,일상
의욕이 안 생겨,일상
의욕이 없어,일상
의욕이 일도 없어,일상
의욕이 하나도 없다,일상
의자 너무 불편해,일상
의자가 불편해,일상
이 기분은 뭘까,일상
이 기회 잡고 싶다.,일상
이 기회는 내꺼야,일상
이 길이 나에게 맞는걸까,일상
이 길이 맞을까?,일상
이 나이에 모르는게 왜 이렇게 많지,일상
이 노래는 저음이 좋아,일상
이 놈의 신용카드 다 없애야지,일상
이 멍충아,일상
이 무리에 낀게 잘못인가,일상
이 바보탱이,일상
이 상황에서 벗어나고 싶어,일상
이 세상에서 누가 제일 예뻐,일상
이 세상에서 제일 예쁜 사람은,일상
이 순간 뭘하면 좋을까,일상
이 시간에 라면 먹고 싶은데 살 찔 거 같아,일상
이 시려,일상
이 썩은 거 같아,일상
이 쓰레기야,일상
이 정도면 잘생겼지?,일상
이 좀 여유롭게 살고 싶다,일상
이 지각쟁이,일상
이 현실에서 도망가고 싶어,일상
이 회사는 나만 일하는 것 같아,일상
이가 차가워,일상
이거저거 막 사고 싶어.,일상
이건 정말 위기야.,일상
이걸로 만족해야겠지?,일상
이게 뭐라고 떨려,일상
이길이 내길인가,일상
이길이 맞는지 모르겠다,일상
이놈,일상
이닦았는데 잇몸에서 피나,일상
이따 커피 마시자고 해보려고,일상
이래라 저래라 참견 좀 안했으면,일상
이러고 있을 때가 아니야,일상
이러다 대머리 되겠어,일상
이러다 또 흐지부지하고 말겠지,일상
이런 일상에서 휙 떠나고 싶어,일상
이렇게 갈 거였구나,일상
이렇게 날씨도 좋은데,일상
이렇게 대학 가야하나,일상
이렇게 또 늙어간다,일상
이렇게 못 알아 듣니,일상
이렇게 오래 만날 줄 몰랐는데,일상
이렇게 치열한 경쟁은 싫어,일상
이력서 광탈 중이야,일상
이력서 몇 개째 쓰는건지 모르겠다,일상
이력서 쓰고 있어.,일상
이력서 쓰는 중,일상
이름 알려줘,일상
이름이 뭐야,일상
이마가 너무 넓어,일상
이마야 운동장이야,일상
이모티콘 기간 끝나서 없어졌어,일상
이모티콘 기간 끝났어,일상
이민가고싶어,일상
이발 어떻게 할까,일상
이발 좀 하고 올게,일상
이번 달에 결혼식 너무 많아,일상
이번 달에 결혼식 매 주 있어.,일상
이번 방학에 뭐하면 잘했다고 소문날까,일상
이번 생은 처음이라서,일상
이번 크리스마스에 눈이 올까,일상
이번 학기 열심히 살아야지,일상
이번달에 외식 너무 많이 했다,일상
이번에는 분명하게 말해야지,일상
이번에는 생리통 너무 아파,일상
이번엔 또 뭐 해 먹지,일상
이벤트 당첨됐어!,일상
이별 후 새로운 사람 찾아,일상
이불 밖은 위험해,일상
이불밖은 위험해,일상
이빨 아파,일상
이쁜 구석이 없어,일상
이사 가야 할 것 같아,일상
이사 도와줘야 할까,일상
이사 왔더니 친구가 없어,일상
이사가서 전학가게 됐어,일상
이사가야돼,일상
이사하는 거 도와줄까,일상
이사하는 것도 일이다,일상
이사하니까 정리할 게 많아,일상
이삿짐 싸야지,일상
이상하게 이 친구한테는 집착하게 된다,일상
이상한 말을 해,일상
이상한 사람이 자꾸 쳐다봐,일상
이상한 소문이 돌아,일상
이어주려고 해서 더 어색해졌어,일상
이어폰 까먹지 말고 사야지,일상
이어폰 사야지,일상
이자 왜 이렇게 많지?,일상
이제 결정해야 되는데,일상
이제 그만 잘래,일상
이제 그만하고 쉬고 싶다,일상
이제 기다리는 것도 지쳐,일상
이제 기다리는게 습관 같아,일상
이제 먹는 것도 귀찮아,일상
이제 바람 분다,일상
이제 봄인가봐,일상
이제 어둠에서 나오려고 해,일상
이제 은퇴해야 하나?,일상
이제 인턴 그만두고 싶어,일상
이제 일어나야 하는데,일상
이제 취업 해야할 텐데,일상
이제 택시 안타,일상
이제 택시타지 말아야지,일상
이제 혼자서도 잘할 수 있어.,일상
이젠 기억이 가물가물해,일상
이젠 기억이 거의안나,일상
이직 가능할까,일상
이직 성공할 수 있을까,일상
이직각인가,일상
이직해도 될까,일상
이직해야할지 고민이야,일상
이해를 못하겠어?,일상
인간 관계가 제일 어려운거 같아,일상
인간관계 관리하는 거 힘들어,일상
인강 듣는데 자꾸 딴짓하게돼,일상
인강 듣는데 집중이 안돼,일상
인관관계 맺는 게 피곤해,일상
인기 많으려면,일상
인내하면 얻을 수 있을까?,일상
인사드리러 갔는데 파혼하는게 나을것 같아,일상
인사드리러 갔다가 파혼했어,일상
인상이 좋더라,일상
인생 공부한건가,일상
인생 너무 불공평해,일상
인생 뭐있나,일상
인생 살만해?,일상
인생 잘 못 산건가,일상
인생 허무해,일상
인생 헛산듯,일상
인생에서 최고의 행복,일상
인생의 쓴맛,일상
인생이 쓰디쓰다,일상
인센티브가 생각보다 안 나올 것 같아,일상
인연은 소중한 거지,일상
인연은 항상 소중한 거겠지,일상
인정 받고 싶다,일상
인정 받고 싶은거 당연한 거 아니냐,일상
인정받고 싶은데 어떻게 해야돼?,일상
인정받으려면 어떻게 해야 하나,일상
인터넷 쇼핑몰에서 바지 샀는데 망함,일상
인터넷에서 바지 샀는데 안 맞아,일상
인턴 됐어,일상
인턴 때려 치우고 싶어,일상
인턴 원서 넣어 볼까,일상
인턴 할까,일상
인턴 합격,일상
인턴이라도 어니냐,일상
인턴하고 싶어,일상
인테리어 다시 하고싶어.,일상
인테리어 좀 다시 해야할 듯,일상
인테리어 혼자 해볼까,일상
인형 뽑기 돈만 날렸어,일상
인형 뽑기 어려워,일상
인형 뽑기 해줘,일상
인형 뽑아줘,일상
인형 사줄까,일상
인형 선물 받았어,일상
인형 선물 좋을지,일상
인형 선물하면 좋아할까?,일상
인형 좋아할까?,일상
인형뽑기 아직도 하나,일상
인형뽑기는 유행 지났지?,일상
일 끝나면 그냥 쉬고 싶어,일상
일 대충했대,일상
일 때려칠까?,일상
일 못하는 사수랑 일하는 거 힘드네,일상
일 안하고 돈 벌고 싶어,일상
일 좀 하고 다시 말시킬게,일상
일기 써야 되는데,일상
일기쓰기,일상
일도 못하는데 엄청 시켜,일상
일도 하고 공부도 하는게 가능한가?,일상
일만 하고 살았는데 이 모양,일상
일만 하다 죽을 것 같아,일상
일본어 어렵네,일상
일상에서 떠나고 싶어,일상
일어나보니까 침대에서 떨어져 있었어,일상
일어났더니 목이 잠겼어,일상
일에 적응하면 좀 더 잘 할 수 있을까,일상
일요일에 교회끝나고 어디 가고 싶어.,일상
일요일에 교회만 가,일상
일요일에 데이트 해야지!,일상
일은 많이 하는데 월급은 너무 적어,일상
일은 원래 혼나면서 배워?,일상
일을 거지같이해,일상
일을 나만 해,일상
일을 못하는 동료가 있는데 말해줄까?,일상
일을 못하면서 안 물어봐 답답하다,일상
일을 해도 안 늘어,일상
일이 또 쌓이네,일상
일이 안 끝나,일상
일이 익숙해 지지 않네,일상
일이 잘 안 늘어,일상
일이랑 공부 동시에 가능?,일상
일이랑 공부 병행 가능?,일상
일인자가 되려면 얼마나 노력해야할까?,일상
일인자가 되려면 피나는 노력이 필요하겠지?,일상
일일 만보 걷기,일상
일일일팩,일상
일찍 가서 쉬고 싶은데 오늘 회식 잡혔어,일상
일찍 일어나야 돼,일상
일찍 퇴근하고 쉬고 있어,일상
일하고 올게,일상
일하기 싫다,일상
일하는 거에 비해 월급은 쥐꼬리,일상
일하는데 실수를 많이 해,일상
일하면서 공부할 수 있을까?,일상
일하면서 대학원다니기 쉽지 않겠지,일상
일하면서 석박 따기 어렵겠지,일상
일하면서 애키우기 힘들다,일상
일해야 되는데 졸려,일상
임신이면 어떡하지,일상
임신했어,일상
임용 결과 발표 기다리고 있어,일상
임용 기다리고 있어,일상
임용 시험 기다리고 있어,일상
입 안이 다 헐었어,일상
입 안이 텁텁해,일상
입고 나갈 게 없어,일상
입냄새 나나?,일상
입냄새 안나나?,일상
입덕했어,일상
입맛없는데 뭐 먹지,일상
입맛없어,일상
입소문 난 맛집 다녀왔어,일상
입소문이 무서워,일상
입을 거 없다,일상
입이 고급이야,일상
입이 방정이야,일상
입이 텁텁하다,일상
입이 헐었어,일상
잇몸에서 피나는 거 같애,일상
잇몸이 시려,일상
있잖아,일상
잊어야겠다고 마음 먹고 맨날맨날 놀고 있습니다,일상
자?,일상
자격증 공부해야지,일상
자격증 따야하나,일상
자격증 딸거야,일상
자격증 딸까?,일상
자고 일어나도 피곤해,일상
자고 일어났더니 목 아파,일상
자고 일어났더니 하루 다갔어.,일상
자극이 필요해,일상
자기 말은 기억 못하고 나만 혼내는 사람 어떡해?,일상
자기 복제가 될까,일상
자기 소개 또 어떻게 해,일상
자기 소개 어떻게 해,일상
자기 소개서 오글거려,일상
자기 일도 아닌데 고맙다.,일상
자기 잘못 인정 안하는 사람,일상
자기 잘못은 모르고 엄청 뻔뻔해,일상
자기가 한 말 기억 못해서 나만 혼내는 사람 어떡해?,일상
자기도 해결방안이 없으면서 불만만해,일상
자기애가 너무 떨어졌어,일상
자꾸 거짓말 하게 되네,일상
자꾸 나약하게 느껴져,일상
자꾸 날카로워진다,일상
자꾸 늦는 사람,일상
자꾸 동문서답이야.,일상
자꾸 뒤처지는 느낌이야,일상
자꾸 말 바꾸는 사람 어떻게 해?,일상
자꾸 뭘 사게 돼,일상
자꾸 미리 걱정해,일상
자꾸 봐주니까 기어오른다,일상
자꾸 비비꼬는데,일상
자꾸 설사해,일상
자꾸 아침 먹으래,일상
자꾸 우연히 만나,일상
자꾸 자다 깨,일상
자꾸 조급해져,일상
자꾸 졸게 되네,일상
자꾸 지각하네,일상
자꾸 폭식하는데 어떻게 고칠 수 있을까?,일상
자꾸 함부로 대해,일상
자는 거 아니겠지?,일상
자니?,일상
자다 깨다 해,일상
자다가 침대에서 떨어졌어,일상
자매가 있으면 좋은 점?,일상
자면 안되는데 또 잤어,일상
자소설 쓰는 중,일상
자신감 꺽는데 뭐 있는 듯,일상
자신감 업되는 비결 좀,일상
자신감 제로,일상
자신감 하락,일상
자신감을 갖고 싶어,일상
자신감이 없어,일상
자야겠다.,일상
자유시간 갖고 싶어,일상
자유시간이 필요해,일상
자율주행 자동차 나오겠지,일상
자율주행 자동차 언제 나오냐,일상
자장가 불러 달랬더니 불러줬어,일상
자장가를 불러준 사람,일상
자장면? 짬뽕?,일상
자장면이 좋아 짬뽕이 좋아,일상
자존감 어떻게 올려?,일상
자존감 좀 높이고 싶다.,일상
자존감이 너무 떨어졌어,일상
자존감이 바닥을 친다,일상
자존감이 바닥이야,일상
자주 못보면 헤어지겠제?,일상
자취방 선물 알려줘,일상
자취하는데 뭐 필요할까?,일상
자취해야할듯,일상
작은 꽃나무라도 키워보면 어떨까,일상
잘 나갈 때 은퇴해야하나?,일상
잘 되라고 한건데 더 어색해졌어,일상
잘 사는 게 뭘까?,일상
잘 사니?,일상
잘 살고 싶어,일상
잘 살고 있겠지?,일상
잘 선택한건지,일상
잘 쉬는 방법,일상
잘 지냈어?,일상
잘 참았는데 담배 피고 싶다,일상
잘 할 수 있을까?,일상
잘 할 수 있을지 걱정 돼,일상
잘되겠지,일상
잘래,일상
잘못 쓴 거 엄청 많아,일상
잘못한 거도 없는데 찔려,일상
잘못한게 돼버렸어,일상
잘자,일상
잘하는 게 뭔지 모르겠어,일상
잘하는 게 뭘까,일상
잘하는 게 없는 것 같아,일상
잘하는 게 직업이면 좋겠지,일상
잘하는거 하라는 데 없어,일상
잘하는게 없는 느낌,일상
잘할 수 있겠지,일상
잠 온다,일상
잠 와,일상
잠 잘못 잤나봐,일상
잠깐 쉬려고 했는데 한참 지났네.,일상
잠만 잤네,일상
잠수가 취미,일상
잠시만 쉬려고 했는데 길어졌어,일상
잠을 못 잤더니 너무 졸려,일상
잠을 못 잤더니 힘들다,일상
잠을 잘못 잤나,일상
잠이 계속 와,일상
잠이 너무 와,일상
잠이 또 안와,일상
잠이 안 와,일상
잡담할 시간 있어?,일상
잡담해도 돼?,일상
장 봤는데 다 비싸,일상
장 봤는데 후덜덜해,일상
장기자랑 안 시켰으면 좋겠어,일상
장기자랑 왜 시켜,일상
장난 잼있어,일상
장난스러운 사이,일상
장난치니까 좋다,일상
장래희망이 없어,일상
장마인데 건조기 사는게 좋을까,일상
장학금 가능할까?,일상
장학금 받고 싶다,일상
장학금 받으려면 독하게 해야돼,일상
장학금 받을 수 있을까?,일상
재미 없는 하루,일상
재미 없어,일상
재미 없어.,일상
재미없는 일밖에 없어,일상
재미있는 드라마 끝났어,일상
재밌게 해줘,일상
재밌는 거 뭐 없나,일상
재밌는 일이 없어,일상
재밌는거 없나?,일상
재밌는거 할 줄 알아,일상
재밌는거 해 줘,일상
재밌는게 없어,일상
재밌다.,일상
재채기 나올거 같은데 안 나와,일상
재채기 나와,일상
재취직 될까,일상
재택근무 힘들다,일상
재택근무가 더 힘든 거 같아,일상
재테크 어떻게 해,일상
재테크 하는 방법 알려줘,일상
저 사람이 왜 자꾸 볼까?,일상
저 좀 웃게 해주세요,일상
저금통 깰까,일상
저금통 털까,일상
저기,일상
저녁 메뉴 뭐 먹을까,일상
저녁 메뉴 좀 골라줘,일상
저녁 메뉴 추천 해줘,일상
저녁 뭐 먹지?,일상
저녁 준비 해놔야지,일상
저녁밥 뭐 먹냐?,일상
저녁으로 뭐 먹을까,일상
저녁해야 되는데.,일상
저음 멋있어!,일상
저주할거야,일상
적금 더 들까,일상
적금 들까,일상
적금 들어야 하나,일상
적금 들었어,일상
적금 특판 들었어,일상
적금 하나 더 가입할까,일상
적당히 좀 하지,일상
적당히를 몰라,일상
적응을 못하겠어,일상
전 애인 만났어.,일상
전공 못 살릴듯,일상
전공 살려서 취직할 수 있을까,일상
전공 수업 노잼,일상
전공 수업 재미없어,일상
전공 잘못 골랐나봐,일상
전공만 듣고 싶다,일상
전과하고 재미있게 학교 다니고 싶다.,일상
전과해도 잘 할 수 있겠지?,일상
전과했어,일상
전기 나갔다,일상
전기 안들어와,일상
전기가 갑자기 나갔어,일상
전기장판 깔고 자고 있어,일상
전기장판으로 겨울 나기,일상
전남친 보고 싶어,일상
전남친이 자꾸 생각나,일상
전남친한테 연락하고 싶어,일상
전부 가시밭길 같아,일상
전부다 알고 있을까?,일상
전세 계약했어,일상
전세비 갑자기 올랐어 어떡하지,일상
전세비 올려달래 어떡하지,일상
전세집 구했어,일상
전애인 만났는데 모르는 척할까?,일상
전여친 보고 싶어,일상
전여친한테 연락하고 싶어,일상
전역할 때까지 언제 기다려,일상
전학 걱정된다?,일상
전학가게 됐어,일상
전학가도 잘 할 수 있겠지?,일상
전화 걸어도 되나,일상
전화 또 안 받네,일상
전화 못하겠어,일상
전화 안 받는 이유가 뭘까,일상
전화 안 받아,일상
전화 안 받으니까 초조해져,일상
전화 와라,일상
전화 왜 안 받지,일상
전화 왜 안오지,일상
전화는 왜 갖고 다녀! 안받으면서,일상
전화를 너무 안 받아,일상
전화를 왜 안 받냐 진짜,일상
전화를 잘 안 받아,일상
전화벨이 울렸으면,일상
전화하기 너무 늦나,일상
전화하기엔 늦은 시간인데 전화하고 싶어,일상
전화하는 거 힘들다,일상
전화할 사람이 없네,일상
전화할까 말까,일상
전화해도 되겠지,일상
전화해야 되나,일상
절대불공평,일상
절망적이야,일상
절약해서 부자돼야지,일상
절약해야 잘 살지,일상
절친 만나고 싶어,일상
절친이 오늘 모른척했어,일상
절친인데 쌩깠어,일상
젊게 살고 싶다.,일상
젊어지고 싶어,일상
점 보러 가볼까?,일상
점 뺄까,일상
점 뺴러 가고 싶다.,일상
점심 도시락 싸는 거 귀찮다,일상
점심 때 은행 갔다와야지,일상
점심 먹어야지,일상
점심 메뉴 고르는 거 힘드네,일상
점심 메뉴 좀 골라줘,일상
점심시간 너무 짧아,일상
점심시간에 외출하는 것도 눈치봐야돼,일상
점심시간에 외출하면 안 되나,일상
점심시간에 은행 갔다와야지,일상
점심시간엔 그냥 쉬고 싶어,일상
점심시간이라도 마음 놓고 쉬고 싶어,일상
점이라도 볼까,일상
점점 모질어진다.,일상
점점 좋아져,일상
점점 호감 간다,일상
정규직 가즈아,일상
정규직 너무 쪼금 뽑아,일상
정규직 될 수 있을까,일상
정규직 입사 너무 어려워,일상
정규직 하고 싶다,일상
정답이 뭘까,일상
정동진 가서 바람이나 쐬야겠다.,일상
정리 불가,일상
정리가 안돼,일상
정수리 냄새,일상
정수리 냄새 난 거 아니야?,일상
정시 퇴근하고 집에 가는 중,일상
정신 못차리겠다.,일상
정신없을수록 침착해야지,일상
정신적으로 스트레스를 너무 주는데 이런 사람은 어떻게 상대해?,일상
정신줄 어디 갔나,일상
정신차리고 싶어,일상
정신차리라고 한 마디 해줘,일상
정장 사야겠지,일상
정장 한 벌 필요할 듯,일상
제 2 외국어 뭐할까,일상
제2외국어 뭐 선택할까,일상
제급기 없거든,일상
제대로 평가해줘,일상
제사 없어졌으면,일상
제사를 너무 많이 해,일상
제습기가 필요해,일상
제자리걸음만 하는 듯,일상
제주도 가고 싶다.,일상
제주도 가고 싶어,일상
제주도 가서 살까?,일상
제주도 놀러 가고 싶어요.,일상
제주도 바닷가 가고 싶어,일상
제주도로 떠나야겠다.,일상
조교하면 공부하기 힘들겠지.,일상
조교하면서 공부할까?,일상
조금만 기다려 줬으면 좋겠다,일상
조급하고 초초하다,일상
조명빨 좋다.,일상
조명빨인가,일상
조모임 왜 이케 많아,일상
조별 과제 발표 하기 싫어,일상
조별 발표 왜 이렇게 많이 시키지,일상
조별 발표 하기 싫어,일상
조심조심,일상
조심할 게 많아,일상
조용히 있고 싶어,일상
조용히 지나가면 될까?,일상
조용히 지나갈까?,일상
조카 선물 고르기 어렵네,일상
조카 선물 뭐 사주지,일상
조카 오는 거 싫어,일상
조카 입학 선물,일상
조카 입학 선물 뭐 사냐,일상
조카들 너무 귀찮게 해,일상
졸려,일상
졸린데 못 자겠어.,일상
졸린데 잠이 안 와,일상
졸업 사진 망했다,일상
졸업 사진 잘 못 찍었어,일상
졸업 선물 뭐가 좋을까,일상
졸업 선물 추천,일상
졸업식 가야겠지,일상
졸업식에 가도 되나,일상
졸업식에 가도 될까,일상
졸업이다,일상
좀 더 가까워지고 싶어,일상
좀 맞자,일상
좀 쉬면서 애기 키워야 할 듯,일상
종이에 손 베였어,일상
좋긴 한데 귀찮아,일상
좋아 죽을거 같아,일상
좋아하는 게 뭔지 모르겠어,일상
좋아하는 애랑 같은 반 됐으면 좋겠다,일상
좋은 관계 어떻게 유지하지,일상
좋은 관계란 뭘까,일상
좋은 대학 나온 거 부러워,일상
좋은 대학 나온 사람 부러워,일상
좋은 사람들은 다 어디 갔을까,일상
좋은 아침,일상
좋은 점이 없어,일상
좌절 중이야,일상
주고 받았던 편지도 버려야겠지?,일상
주눅들어서 말을 못하겠어,일상
주량 센데 솔직하게 이야기해도 될까?,일상
주량 쎈 게 좋은 건가?,일상
주름도 멋져,일상
주름도 멋진 사람,일상
주름살 생겼어,일상
주름살이 조금씩 생긴다.,일상
주말에 놀꺼 추천,일상
주말에 늦잠자고 브런치 먹으면서 수다 떨고 싶어,일상
주말에 데이트 해야지!,일상
주말에 뭐 하고 놀까?,일상
주말에 스키장 간다!,일상
주말에도 헬스하러 많이 오네.,일상
주말인데 헬스장에 사람이 많네,일상
주식 대박 남!,일상
주식 망했어,일상
주식으로 돈 많이 벌었어,일상
주식이 떨어졌어,일상
주워담지 못할 말을 했어,일상
주제 넘은 짓 한거 같아,일상
주차장에 자리가 없어,일상
주차장이 꽉 찼어,일상
주차하다 긁었어,일상
주차할데 없어서 짜증나,일상
주택 청약 가입,일상
주택 청약 시작!,일상
주택청약 들었어,일상
주행 연습 끝났어,일상
죽고 싶다,일상
죽어도 아무도 모르겠지,일상
죽을 때까지 함께하고 싶다,일상
죽을 때까지 함께하고 싶은 사람이 생겼어,일상
죽을래?,일상
줄 길거 같아,일상
중2 아들 때매 고민이야,일상
중2 히스테리 알아?,일상
중2병,일상
중2병 이라더니 진짜 속썩일 줄이야,일상
중2병인거 같아,일상
중간이 없어,일상
중고 거래 했어,일상
중고로 사길 잘 한거 같아,일상
중고로 샀어,일상
중고로 잘 산 거 같애,일상
중국 발령 날 수도 있어,일상
중국 출장 가야할 수도 있어,일상
중국어 공부할까?,일상
중국어 배울려면 학원 다녀야 할까,일상
중국어 있는게 좋겠지?,일상
중국어 학원 다녀야 하나,일상
중국어 혼자 공부 가능한가?,일상
중국으로 진출해볼까?,일상
중문 있는게 낫겠지?,일상
중소기업이라도 취직할까?,일상
중소기업인데 그냥 취직할까?,일상
중요한 발표 기다리고 있어,일상
즐기며 살고 싶어,일상
증거도 없으면서 나만 의심해,일상
지가 피해자래,일상
지갑 까먹었다.,일상
지갑 바꿀까,일상
지갑 안 가져왔다,일상
지갑 없어졌어,일상
지갑 잃어버림,일상
지금 나한테 장난친거,일상
지금 내가 해야 할 것,일상
지금 노력한다고 될까,일상
지금 자면 밤에 못 자겠지?,일상
지금 자면 밤에 못 자는데 졸려,일상
지금 행복해,일상
지금까지 일만 하고 산 거 같애,일상
지금이라도 중국어 공부할까?,일상
지기 너무 싫어,일상
지는 거 싫어,일상
지는 거 좋은 사람은 없겠지,일상
지는 게 진짜 싫어,일상
지방 와서 친구가 없어,일상
지진 걱정돼,일상
지진 안나겠지,일상
지진나면 어떡하지?,일상
지진나면 어떡해?,일상
지하철에 발 디딜 틈도 없다.,일상
지하철에 사람이 너무 많아,일상
지하철에 자리가 없어,일상
지하철에서 겁나 멋진 사람 발견! 말 시켜 볼까,일상
지하철에서 괜찮은 사람 봤는데 말 시켜 볼까,일상
직구로 사면 싸겠지,일상
직구로 사야지,일상
직장 가기 싫어,일상
직장생활 시작했어,일상
직장에서 나만 일 시켜,일상
직장에서 너무 괴롭혀,일상
직장에서 따돌림 당함,일상
직장에서 상사가 괴롭혀.,일상
직장에서 왕따 당하고 있어,일상
직장에서 자꾸 혼나는데 그만둬야할까?,일상
직장에서 화풀이 대상 같은데 그만둬야 할까?,일상
직장운 없는 거 같애,일상
직장이 괴롭다,일상
직장이 맘에 든적이 없는 거 같애,일상
직장인도 방학 필요해,일상
진급 누락됐어,일상
진급에서 나만 누락됐어,일상
진급에서 나만 빠졌어,일상
진급하고 싶어,일상
진급할 때가 된 거 같은데,일상
진급해야 할텐데,일상
진담을 농담처럼 하는 사람,일상
진정으로 즐거운 게 뭘까?,일상
진짜 내가 되고 싶어,일상
진짜 너무하네,일상
진짜 되도 않는 소리하네,일상
진짜 말도 안돼,일상
진짜 무력하다,일상
진짜 별 사람이 다 있어,일상
진짜 열심히 해야지,일상
진짜 완전체가 있어,일상
진짜 이제 한계야,일상
진짜 친구 몇 명 있어야 돼?,일상
진짜 친구 사귀고 싶어,일상
진짜 친구가 없는 거 같애,일상
진짜 피곤한 날,일상
진한 커피 한잔,일상
짐 싸야돼 귀찮아,일상
집 가는 중,일상
집 나가서 혼자 살고 싶다.,일상
집 다와서 사귀던 남자애 만났어,일상
집 망한 거 같은데,일상
집 밖에 나가기 싫어,일상
집 사고 싶어,일상
집 샀어,일상
집 아예 샀어,일상
집 예쁘게 꾸미고 싶어.,일상
집 팔거야,일상
집 팔려고,일상
집나가도 갈 데가 없어,일상
집나갈까,일상
집들이 귀찮아,일상
집들이 누구 초대해?,일상
집들이 선물 뭐 사갈까,일상
집들이 선물 뭐가 좋아,일상
집들이 어떻게 해,일상
집들이 하기 싫어,일상
집들이 하라네,일상
집들이 해야겠지?,일상
집들이고 뭐고 다 귀찮다,일상
집들이는 보통 누구를 초대하나?,일상
집안일 너무 많다.,일상
집안일 쌓여 있다,일상
집안일 어려워,일상
집안일 해도 해도 안 끝나,일상
집안일 해도해도 끝이 없어,일상
집안일을 못하겠어,일상
집안일이 너무 많아,일상
집안일이 안 끝나,일상
집앞에서 전남친 만남,일상
집에 간다,일상
집에 갈 때 피맥 먹고 싶다.,일상
집에 감기약 없어,일상
집에 먹을게 없어,일상
집에 먼지가 너무 많아,일상
집에 빨랑 가고 싶다,일상
집에 일찍 가고 싶다,일상
집에 친구 오라고 하려고,일상
집에 친구 초대하려고,일상
집을 왜 물어보지,일상
집이 너무 지저분해,일상
집이 더러워,일상
집이 어디냐고 왜 물어보지,일상
집중이 안돼,일상
집중이 왜 이렇게 안 돼지,일상
집착같은데 걔는 뭐라고 생각할까,일상
집착인 것 같기는 해,일상
집착인가,일상
집착인가봐,일상
징글징글한 층간소음,일상
짜여진 시간표대로 움직이고 있어,일상
짜장면 시켰어,일상
짜증나,일상
짜증나게 해서 일단 나왔어,일상
짜증나서 집 나왔어,일상
짜증난다,일상
짜증만땅,일상
짝남에게 빼빼로 줘도 될까,일상
짝남한테 선물 주면 부담스러워할까,일상
짝사랑하는 사람한테 선물 주면 부담될까,일상
짝사랑한테 빼빼로 줘도 될까,일상
짤릴 필이 와,일상
짱 추워,일상
짱좋아,일상
쫄면 먹고 싶다,일상
쫄면 생각나,일상
쭉쭉 나가야 하는데,일상
찜질방 가고 싶다,일상
찜질방 가면 쌩얼 보여줘야 되나,일상
찜질방 같이 가면 화장 지워야 할까,일상
찜질방가서 땀 빼고 싶다,일상
차 기름값이 또 올랐네,일상
차 렌트 해야겠다,일상
차 막힌다,일상
차 사는 게 낫겠지?,일상
차 사야 할 거 같은데,일상
차 살거야,일상
차 살까,일상
차 진짜 막힌다 어떻하니,일상
차 팔아서 불편해,일상
차 팔았더니 불편하네,일상
차 한 잔 하자고 해볼까,일상
차별받고 있는 느낌,일상
차별이 제일 싫어,일상
착하게 살면 복 받겠지?,일상
착하다고 오히려 무시하는 것 같아,일상
착한 사람을 괴롭히는 세상,일상
착한 사람이 잘 됐으면 좋겠어,일상
착한 사람이 잘 됐으면 좋겠어 좀,일상
찬물만 나와,일상
찰랑찰랑한 머릿결 갖고 싶다,일상
참견 좀 안했으면,일상
참견 좀 하지마,일상
참고 계속 도전하면 될까?,일상
참는 게 나을까,일상
참아야 하나,일상
참외 맛있다.,일상
참외 먹어야지,일상
참으면 성공할 수 있을까?,일상
참치김치찌개 먹고 싶어.,일상
창문을 열고 나왔네,일상
창문을 열어 놓고 나왔네,일상
창업 고민된다.,일상
창업 할까,일상
창업이라도 해야 겠지,일상
창업하고 싶다.,일상
창업해도 될까?,일상
창피해,일상
책 반납 안햇다,일상
책 보는데 글자만 들어와,일상
책 빌려봐야지,일상
책 선물이 제일 나을 듯,일상
책 선물해야지,일상
책 어디다 팔아?,일상
책 좀 읽어야지,일상
책 팔 수 있는 곳 알려줘?,일상
책만 보면 졸려,일상
책만 펴만 잠와,일상
책보는데 글자만 봤어,일상
책상 리폼할거야,일상
책장 정리 좀 해야겠다,일상
책장 좀 치워야겠다,일상
챙길게 너무 많아,일상
처음 보는 사람이랑 뭔 말을 하지,일상
처음 보는 애랑 무슨 얘기하지,일상
처음 해외여행가!,일상
처음에 말 걸 때 힘들어,일상
처음에 친구 어떻게 사귀지,일상
처음에 카톡 뭐라 보내지,일상
처음에는 별로 였는데 호감 간다,일상
처음에는 좋았는데 점점 별로,일상
처음엔 좋았는데,일상
처음이라 그런거지,일상
천재 같아,일상
철이 너무 일찍 들었어,일상
철이 빨리 든 거 같아서 좀 그래,일상
첫 데이트에 뭐하지,일상
첫 출근 날이야,일상
첫눈 오는날 만나고 싶다,일상
첫눈이 올때 같이 있고 싶다,일상
첫인상에서 강렬한 인상 남기기,일상
첫인상은 뭘로 판단할까,일상
첫직장 출근,일상
청강이라도 해야겠다.,일상
청강하려고,일상
청소 해도 티가 안나,일상
청소 해도 해도 더러워,일상
청소는 넘나리 귀찮,일상
청소를 안 했더니 먼지 쌓였어,일상
청소하기 귀찮,일상
체력 관리,일상
체육대회 싫어,일상
체육대회 안 했으면,일상
체육대회한데,일상
체육복 또 까먹었어,일상
체육복 안 가져 왔다,일상
쳇바퀴 도는 하루,일상
쳇바퀴 돌듯 돌아가는 삶,일상
초콜릿 만들어서 줄까?,일상
초콜릿 선물하면 좋아할까?,일상
최고 몸무게 찍는 중,일상
최고다 행복해,일상
최선을 다한 거 같은데,일상
최선을 다했는데,일상
최저시급은 받니,일상
최저임금 수준에서 알바비가 안 나왔어,일상
최저임금 올랐다는데 월급은 왜 똑같지?,일상
추석 가기 싫어,일상
추석에 집에 가기 싫어,일상
추우니까 나가기 싫어,일상
추워,일상
추워 죽을 뻔했네,일상
추워죽겠다,일상
추천 메뉴,일상
축구 가야 되는데,일상
축구 동영상 시청 중,일상
축구 볼때는 치맥이지,일상
축구 시청 중,일상
축구 잘해,일상
축구하러 가야지,일상
축의금 고민,일상
축의금 보통 얼마내?,일상
축의금 얼마 내지?,일상
축의금 얼마해야 되나,일상
축제 준비하느라 바빠,일상
축제날은 즐겨야지,일상
춘곤증인가,일상
춘곤증인가봐 졸려,일상
출근 길에 맨날 보는 사람 있어,일상
출근 자체가 스트레스야,일상
출근길 너무 힘들어,일상
출근길 막혀,일상
출근길이 유난히 기네,일상
출근시간 아깝다,일상
출근이 스트레스야,일상
출근하기 너무 오래 걸려,일상
출근하기 싫어,일상
출근하자마자 스트레스 받아,일상
출퇴근 시간 너무 오래 걸려.,일상
출퇴근 시간이 좀 줄어들었으면 좋겠다,일상
충전기 안 가져왔다,일상
충전기 안 가지고 왔다,일상
충전해야겠다,일상
취미 좀 만들어볼까?,일상
취미생활 같이하는 게 좋다던데,일상
취미생활하는데 돈이 많이 들어,일상
취미에 돈이 너무 많이 들어,일상
취뽀 어렵다.,일상
취뽀하고 싶다,일상
취업 못하는 기간이 길어진다,일상
취업 준비 기간이 길어진다,일상
취업 준비 힘들어,일상
취업은 너무 힘들겠지?,일상
취업의 관문을 뚫는게 쉽지가 않네,일상
취업하고 싶다,일상
취업하기 힘들겠지?,일상
취직 원츄,일상
취직이 안 돼,일상
취직이나 했으면,일상
취직하고싶어,일상
취직하는데 나이가 많아,일상
취직하면 공부 안해도 되는줄 알았는데,일상
취직하면 공부 안해도 될 줄 알았어.,일상
취직하면 끝이 아니네.,일상
취직하면 끝일줄 알았는데 계속 할게 많아,일상
취직해야 할텐데,일상
층간소음 때문에 왜 살인이 나는지 알 거 같애,일상
층간소음 심해,일상
층간소음때매 환장하겠어,일상
층간소음에 살인 난다더니.,일상
치고 올라오는 신입,일상
치과 가면 돈 많아 들텐데,일상
치과 가면 돈 엄청 깨질 텐데,일상
치과 가야 하나,일상
치과 치료 받아야 할까,일상
치매가 더 심해지는 것 같아 무서워,일상
치매가 점점 심해지는 거 같아,일상
치매이면 어쩌지,일상
치매일까봐 무섭다.,일상
치맥데이,일상
치맥먹으면서 축구봐야지,일상
치킨 시켜야지,일상
치킨집 차릴까,일상
친구 같은 너,일상
친구 돌잔치 가는 중,일상
친구 따라 강남가나,일상
친구 따라다녀야겠다.,일상
친구 많이 사귀고 싶어,일상
친구 몇 명쯤 필요한가,일상
친구 사귀고 싶어,일상
친구 사귀는 방법,일상
친구 예전 남자친구 사귀어도 되나,일상
친구 온대,일상
친구 웨딩촬영 갔는데 서운했어,일상
친구 전남친 사겨도 되나,일상
친구 좀 사귀고 싶다,일상
친구가 귀찮게해,일상
친구가 나 귀엽대,일상
친구가 나한테 집착해,일상
친구가 내 썸남이랑 연락해,일상
친구가 너무 고맙네,일상
친구가 너무 맘대로야,일상
친구가 너무 예뻐,일상
친구가 다 떠나 갔어,일상
친구가 다 떠나서 내가 못났나 싶어,일상
친구가 다 자기 마음대로 하려고 해,일상
친구가 도와주고 있는데 마음에 안들어,일상
친구가 도와주는게 마음에 안들어,일상
친구가 많으면 재미있을 것 같아.,일상
친구가 배아플 정도로 잘 됐어,일상
친구가 소개해줬는데 이상한 사람이었어,일상
친구가 소심해,일상
친구가 엄청 소심해,일상
친구가 없어,일상
친구가 예뻐서 위축돼,일상
친구가 이사하는 거 도와준대,일상
친구가 이어줬는데 안 됐어,일상
친구가 자꾸 집착하는 것 같은데 뭐라 말하지,일상
친구가 자꾸 클럽가자 해,일상
친구가 자꾸 클럽을 너무 좋아해 맨날 가재,일상
친구가 잘되니까 배 아픈 거 같아,일상
친구가 잘되니까 약 올라,일상
친구가 전남친이랑 사귈 거 같아,일상
친구가 지금 놀러온대,일상
친구가 카톡 씹어,일상
친구가 필요해,일상
친구네 갔다올게,일상
친구네 놀러가려고,일상
친구네 집에 놀러 가서 내일 오려고,일상
친구네 집에서 자야지,일상
친구네 집이 부자라 우리집에 초대를 못하겠어,일상
친구들 부르려고,일상
친구들 초대하려고,일상
친구들은 다 결혼했어,일상
친구들은 다 예뻐,일상
친구들은 다 예쁘게 하고 왔어,일상
친구들이 나만 왕따시키는 거 같아,일상
친구들이 나보구 귀엽다고 했는데,일상
친구들이 다 예뻐졌어,일상
친구들이랑 가기 좋은 곳,일상
친구들이랑 노래방 가고 싶어,일상
친구들이랑 맛난거 먹고 싶다,일상
친구들이랑 맛집 가고 싶어,일상
친구들이랑 봉사활동 해보려고,일상
친구들이랑 셀프 이사,일상
친구들이랑 어디 놀러가지,일상
친구들한테 인기 얻으려면,일상
친구들한테 인정받을 수 있을까,일상
친구라고 생각했는데,일상
친구라고 생각했는데 날 엄청 쉽게 생각했나봐,일상
친구라고 생각했던 애가 뒷담화 하고 다님,일상
친구라는게 뒷담화나 하다니,일상
친구랑 나랑 자꾸 비교하게 돼,일상
친구랑 더 친해지고 싶어,일상
친구랑 만나면 좋아,일상
친구랑 말다툼했어,일상
친구랑 비교 돼,일상
친구랑 비교하면 내가 작아져,일상
친구랑 수다 떨고 왔어,일상
친구랑 싸웠어,일상
친구랑 썸남이 연락했나봐,일상
친구랑 있으면 내가 작아져,일상
친구랑 잘 노는 방법,일상
친구랑 전남친이 사귈 거 같은 예감이 들어,일상
친구랑 친해지는 법,일상
친구랑 힐링하고 왔어,일상
친구에게 물어 봐야겠다,일상
친구인데도 너무 잘되니까 약 오르네,일상
친구인듯 친구아닌 친구 같은 너,일상
친구한테 마음의 빚이 많아,일상
친구한테 몇 년만에 연락해도 되나,일상
친구한테 물어봐야지,일상
친구한테 미안하다.,일상
친구한테 소개해주고 욕만 먹었어,일상
친구한테 실수한 거 같아,일상
친구한테 쌓인 게 안 풀려,일상
친구한테 썸 중인거 이야기 해야하나,일상
친구한테 자꾸 쌓인다,일상
친구한테 자꾸 집착하게 돼,일상
친구한테 진짜 고마워,일상
친척 대하는 거 불편해,일상
친척들 만나기 싫다,일상
친척들 만나는 거 불편해,일상
친척들 만나는 거 싫어,일상
친한 친구랑 싸움,일상
친한 친구랑 싸웠어,일상
친한 친군데 호박씨깜,일상
친한 친군한테 뒤통수 맞음,일상
침대가 최고,일상
침대에 누우면 바로 자,일상
침착해야지,일상
칭찬 좀 해봐,일상
칭찬 좀 해줬으면,일상
카드 다 부러뜨려 버려야겠다.,일상
카드 다 없애버려야지,일상
카드가 못찾겠다.,일상
카드가 왜 없지,일상
카드값 갚느라 허리가 휘어,일상
카드값 너무 많이 나왔어.,일상
카톡 대화를 삭제하는게 수상해,일상
카톡 대화를 왜 삭제하지,일상
카톡 뭐라 보낼까?,일상
카톡 씹었어,일상
카톡할 사람이 하나도 없네,일상
카톡할 친구가 없네,일상
카페 알바 면접 간다,일상
카페나 갈까?,일상
카풀로 출퇴근 해볼까,일상
카풀해볼까?,일상
칼국수 어때?,일상
커플 폰케이스 사자고 해야겠다.,일상
커플 폰케이스 해볼까?,일상
커플링 맞출까?,일상
커플링 맞춰볼까?,일상
커플이 같은 옷 입는거 좋아보여,일상
커피 그만 마셔야지,일상
커피 땡기네,일상
커피 마셔야지,일상
커피 마시고 싶어,일상
커피 말고 딴 거 마실거 없나,일상
커피 말고 뭐 마시지,일상
커피 볶는 시간,일상
커피 안 마시면 일을 못해,일상
커피 없으면 집중이 안돼,일상
커피 좀 마셔야겠다.,일상
커피 좀 줄여야겠어.,일상
커피 중독인가,일상
커피 타기 귀찮아,일상
커피 타는 거 싫다,일상
커피 한 잔 하자고 말해볼까,일상
커피가 너무 써,일상
커피가 너무 진해,일상
커피가 없으니까 집중이 안 되네,일상
커피가 좋아,일상
커피나 한 잔 하자고 말 해볼까,일상
커피를 너무 많이 마셔,일상
커피콩 볶고 있어,일상
커피향,일상
커피향 좋다,일상
컨디션 조절,일상
컨디션 조절이 안돼,일상
컴터 고장났나봐,일상
컴터 부팅하는데 시간이 오래걸려,일상
컴터가 맛이 갔어,일상
컴터가 안돼,일상
컴퓨터 백업해야지,일상
컴퓨터가 넘넘 느려,일상
컴퓨터가 느려졌어,일상
컴퓨터가 대빵 느려졌어,일상
케익 만들어서 선물할까?,일상
케익 직접 만들어볼까?,일상
코 근질거려,일상
코 막혀,일상
코 세워 볼까,일상
코 조금만 세워 볼까,일상
코가 간지러워,일상
코가 간질간질,일상
코가 근질근질,일상
코감기로 찡찡거려,일상
코고는 것도 귀여워,일상
코골이 너무 시끄러워,일상
코골이 어떻게 고쳐?,일상
코딩 좀 배울까,일상
코맹맹,일상
코인노래방 가서 스트레스 좀 풀어야겠다.,일상
코인노래방 가야지,일상
코자,일상
코코넛오일 맛없어,일상
코코넛오일 먹기 싫어,일상
코트 살까,일상
코트 살까 말까,일상
콜록콜록,일상
콧물 나네,일상
콧물 질질,일상
쿠폰 다 모았다.,일상
쿠폰 다 모음,일상
크루즈 여행 하고 싶어,일상
크루즈 타고 여행 하고 싶어,일상
크리스마스에 뭐 하나,일상
크리스마스엔 눈이 올까,일상
큰일 없이 살고 있어,일상
클럽 가고 싶은데 말할까,일상
클럽가고 싶은데 말하고 갈까,일상
클스마스에 할일,일상
키 왜 안 크지,일상
키 이제 안 크나,일상
키 컸으면,일상
키가 안 커,일상
키가 왜 안 클까,일상
키가 조금만 더 컸으면 좋겠어,일상
타로 보고 왔어,일상
타로점 봤어,일상
타이밍이 기가 막혀,일상
타이밍이 진짜 기막혀,일상
탄생의 이유 알아?,일상
탄탄한 몸매 갖고 싶어,일상
탈모인가,일상
태닝할까,일상
태몽꾼거 같아,일상
태몽꿨대,일상
택배 기다리고 있어,일상
택배 아저씨 오셨을까?,일상
택배 안와.,일상
택배 왔나,일상
택배 왜 안오지?,일상
택배가 안 와,일상
택시 너무 많이 탔어,일상
택시 타야겠다.,일상
택시비 너무 비싸,일상
택시비 많이 나왔어,일상
택시비 아까워,일상
택시비로 돈을 너무 많이 썼어,일상
텀블러 까먹었다.,일상
텀블러 안 가져 왔다,일상
텔레비전 볼 게 없어,일상
통장 잔고가 하나도 안 남았어.,일상
통장잔고가 0이야,일상
통학 힘들다,일상
통화할 사람이 한 명도 없어,일상
퇴근 시간도 아닌데 엄청 막혀,일상
퇴근 후에 만나자고 해볼까,일상
퇴근길 아닌데 차 엄청 막혀,일상
퇴근길 엄청 막히네,일상
퇴근시간 왜케 안 오냐,일상
퇴근시간만 기다려,일상
퇴근하고 놀고 싶다.,일상
퇴근하고 만나자고 말해볼까,일상
퇴근하고 뭐 하지,일상
퇴사 예정이야 후련하다,일상
퇴사하면 후련할거 같아,일상
투자라 생각하는 게 나을까,일상
투자라고 생각 할 수도 있지,일상
투잡 뛰어야 하나?,일상
투잡할까?,일상
튀김기 사고 싶다,일상
트래킹 하러 갈까?,일상
트위터 보면 다 행복해보여,일상
티 나게 어색해 했어,일상
티 안 나게 나 싫어해,일상
티비 볼 거 없어,일상
팀플 안 하면 좋겠다,일상
팀플 좀 안 했으면 좋겠다,일상
파도 엄청나다,일상
파도 장난 아니다,일상
파도 타고 놀고 싶어,일상
파도 타고 싶어,일상
파도가 엄청 세,일상
파도가 엄청나,일상
파도가 잔잔하네,일상
파란 하늘이 그리워,일상
파마하면 어울릴까,일상
파마할까,일상
판도라의 상자를 연 거 같아,일상
판도라의 상자를 연 기분,일상
팔뚝 너무 두꺼워,일상
팔뚝살 빼고 싶어,일상
팔로우 왜 안해주지,일상
패디나 할까,일상
패키지여행이 좋을까 자유여행이 좋을까,일상
패턴 풀어볼까,일상
팩이나 할까,일상
팩해야지,일상
팬미팅 갔다 왔어,일상
팬미팅 재밌다.,일상
편두통 온다,일상
편두통 왔어,일상
편안하게 살고 싶다.,일상
편의점 간식 먹어야지,일상
편의점 아르바이트라도 해 보려고,일상
편의점 알바 면접 간다,일상
편의점 알바해보려고,일상
편의점에서 먹어야지,일상
편지도 다 버려야겠지?,일상
편하게 쉬고 싶다,일상
평가 좀 해줘,일상
평가원 시험 잘 봐야 할텐데,일상
평가원 잘 보고 싶다,일상
평생 저주할거야,일상
평생 함께하고 싶다.,일상
평생하고 싶은거 찾아야 할텐데,일상
평온해,일상
평일 저녁 데이트 장소 좀 추천해줘,일상
평일 저녁 데이트 장소 추천,일상
포근포근한 이불에서 못나가겠어,일상
포기안한다고 말했어,일상
폭식증 어떻게 고칠 수 있을까?,일상
폭언하는 사람 어떻게 해?,일상
폭풍 먹방했더니 졸려,일상
폰 꺼질라그래,일상
폰 떨궜어,일상
폰 베터리가 너무 잘 닳아,일상
폰 베터리가 벌써 없어,일상
폰 베터리가 없네,일상
폰 요금 많이 나옴,일상
폰 초기화 해야지,일상
폰 케이스 사줄까?,일상
폰게임 때매 폰 느려지는듯,일상
폰게임 좀 그만했으면,일상
폰을 오래했나 눈이 너무 뻑뻑해,일상
폰이 문젠가,일상
표정이 읽히나,일상
푸르른 하늘을 보고 싶다,일상
푹 쉬고 싶어,일상
프로젝트 끝났으면 좋겠다,일상
프로젝트 빨리 끝났으면 좋겠다,일상
프로필 사진 바꿀까,일상
프리마켓 구경가야지,일상
프리마켓 재밌겠지,일상
프사 좀 바꿔볼까,일상
피곤한테 또 잠은 안 와.,일상
피곤한테 잠이 안와,일상
피곤해서 못일어나겠어,일상
피곤해서 하루종일 누워있는 중,일상
피맥 땡긴다,일상
피부 관리해야지,일상
피부 좋아지고 싶어,일상
피부가 거지같아,일상
피부가 늙은 듯,일상
피부가 다시 조금씩 좋아지고 싶어,일상
피부가 점점 늙어가는게 느껴져,일상
피부가 푸석푸석해,일상
피부가 푸석하다,일상
피씨방 가자고 말해볼까?,일상
피어싱 할까?,일상
피어싱하면 아플까,일상
피자 땡기네,일상
피자 막막 먹고 싶어.,일상
피자 먹고 싶다.,일상
피자 배달 왔는데 다 식었네,일상
피자 식어서 왔어,일상
피크닉 가고 싶다,일상
피크닉 가자,일상
피크닉 고고,일상
피크닉 어때?,일상
피피엘 너무 심하네,일상
피해는 주지 말아야되는 거 아니야?,일상
필기구 안가져 왔다.,일상
필기하는거 힘들겠지,일상
필름 끊겼었네,일상
필름 카메라 샀어,일상
필통 두고 옴,일상
하 말 잘하는 애들 부러워,일상
하객룩으로 뭐 입지?,일상
하객이 없을 까봐 걱정돼,일상
하고 싶은 게 없어,일상
하고 싶은 게 하나도 없어,일상
하고 싶은게 없어,일상
하나부터 열까지 챙길게 너무 많아,일상
하는 일 없이 피곤해,일상
하늘 나는 자동차 생겼으면,일상
하늘 날 수 있는 차 생겼으면,일상
하늘 본지가 언젠지,일상
하늘 좀 보구 싶다.,일상
하늘은 왜 내 편을 안 들어주지,일상
하늘은 왜 내 편이 아닌 것 같아,일상
하늘을 날고 싶어,일상
하라고 할때는 공부하기 싫었는데.,일상
하루 종일 밀린 드라마 보고싶다.,일상
하루 종일 아무것도 하기 싫어,일상
하루를 효율적으로 보내고 싶어,일상
하루에 만보 걷기,일상
하루에 몇 번씩 헷갈리네,일상
하루에도 몇 번씩 마음이 바뀌어,일상
하루종일 맘 상한게 안풀려,일상
하루종일 속상해,일상
하루하루 늙어가,일상
하루하루가 똑같애,일상
하우스웨딩 하고싶다,일상
하우스웨딩도 괜찮은 거 같아,일상
하울이나 할까,일상
하품 나와,일상
하품이 자꾸 나오네,일상
학교 가기 싫다,일상
학교 가면 볼텐데,일상
학교 가서 어떻게 얼굴 보지,일상
학교 다니는 것도 힘드네,일상
학교 다닐 때 공부 좀 할걸,일상
학교 잘 적을할 수 있을까?,일상
학교 적을하고 잘 다닐 수 있을까?,일상
학교 축제 준비하느라 바빠,일상
학교 축제를 즐겨야지,일상
학교생활이 조금만 더 재밌으면 좋겠어,일상
학교에서 계속 잠,일상
학교에서 계속 잤어,일상
학교에서 맞았어,일상
학교에서 아싸해도 될까?,일상
학교폭력 당하고 있어,일상
학벌이 중요하겠지?,일상
학벌이 중요한가,일상
학부모 총회에 엄마가 안 왔으면 좋겠어,일상
학생 데이트 코스 추천,일상
학생만 평생하면 좋겠다.,일상
학식 이제 물린다,일상
학식 지겨워,일상
학원 가기 싫어,일상
학원 안 다니고 독학하는데 힘들어,일상
학원 안가고 싶다.,일상
학원폭력 짜증나,일상
학폭 없어졌으면,일상
학회 가고 있어,일상
학회 가는 중,일상
한 가지를 보면 다른 것은 보지 않아도 알지?,일상
한 가지를 봐도 뻔한 것 같아,일상
한 번 보고 어떻게 판단하지,일상
한 번 사는 인생인데,일상
한 잔 하고 싶다,일상
한강 가서 맥주 마시고 싶다.,일상
한강 밤에 가면 좋겠지?,일상
한강 야경 좋지?,일상
한강에서 맥주 캬,일상
한거도 없는데 벌써 이시간,일상
한국어가 어렵네,일상
한동안 연락 못해서 미안,일상
한복 맞출까 빌릴까,일상
한복 빌려도 예쁠까,일상
한숨 나와,일상
한숨만 자꾸 나온다,일상
한약 너무 써,일상
한약 먹고 싶지 않다.,일상
한약 먹기 싫어,일상
한약은 왜이렇게 쓰지,일상
한자 공부도 좀 해야 되는데.,일상
한자 공부해야지,일상
할 말 없다,일상
할 말 있대 뭘까?,일상
할 말이 생각 안나,일상
할 줄 아는거 뭐야?,일상
할 줄 아는거!,일상
할말 다 하고 사는 게 나빠?,일상
할말 다 했는데 실수한건가,일상
할인해서 샀어,일상
할일 되게 많아,일상
할줄 아는 게 없어,일상
할줄 아는거,일상
핫한 명절 선물 알려줘,일상
항상 나중에 후회해,일상
항상 당당하고 싶어,일상
항상 뒤늦게 후회해,일상
항상 똑같애,일상
항상 선택할 때 힘들어,일상
항상 흐지부지야,일상
해 뜨는 거 보고 잤어,일상
해결방안도 없으면서 불만만 많은 사람 극혐,일상
해도해도 모르는게 왜 이렇게 많지,일상
해볼까?,일상
해봤자 쓸 데 없을 텐데,일상
해야할 일들이 너무 많아,일상
해외 여행 너무너무 가고 싶다,일상
해외여행 가고 싶어.,일상
해외여행 가고싶다,일상
해외여행가면 좋겠지,일상
해주기 싫어,일상
핸드백 선물 받았어,일상
핸드백 선물 해도 될까,일상
핸드폰 고장난거 아니야 연락이 안와,일상
핸드폰 꺼지기 직전,일상
핸드폰 꺼질때까지 톡,일상
핸드폰 너무 많이 해,일상
핸드폰 떨어 뜨렸어,일상
핸드폰 떨어뜨려서 고장 났나봐,일상
핸드폰 바꾸고 싶다,일상
핸드폰 바꿀 때가 된듯,일상
핸드폰 배터리 나감,일상
핸드폰 소액결제 엄청 나왔어,일상
핸드폰 액정 깨짐,일상
핸드폰 어플 지울까,일상
핸드폰 없을 때는 어떻게 살았냐?,일상
핸드폰 요금 많이 나옴,일상
핸드폰 용량 부족해,일상
핸드폰 중독인가봐,일상
핸드폰 중독인듯,일상
핸드폰 충전해야지,일상
핸드폰 패턴 궁금해,일상
핸드폰게임 자꾸 하게돼,일상
핸드폰이 넘 느려 어플 좀 지울까,일상
핸드폰이 느려터졌어,일상
핸드폰이 맛 간거 같아,일상
핸드폰이 잘 안돼,일상
햇볕이 너무 좋다,일상
행복은 어디있어?,일상
행복하기 위해 중요한 게 뭐야?,일상
행복해지고 싶어,일상
행운을 빌어줘,일상
향수 뭐로 할까,일상
향수 뿌려도 될라나,일상
향수 뿌리면 티나나?,일상
허기져,일상
허리 아파,일상
허리 아프다,일상
허리가 계속 아파.,일상
허리가 많이 아파,일상
허리가 아파,일상
허전하다,일상
허전한게 좀 그렇다,일상
허전해,일상
헉,일상
헌신하다 헌신짝 될 거 같아,일상
헛소리하네,일상
헤어스타일 좀 바꿔볼까?,일상
헤어져도 살 수 있겠지,일상
헤어졌는데 연락하고 싶어,일상
헤어지고 나면 어떻게 살지,일상
헤어지기 전으로 돌아가고 싶은건 아닌데,일상
헤어지자,일상
헤어지자고 말할까,일상
헤어진 남자 친구한테 전화하고 싶어,일상
헤어진 여자친구가 준 편지 못 버리겠어,일상
헤어진 여친 생각나,일상
헤헤 용돈 받았어.,일상
헥헥 더워,일상
헬스장 사람들 몸이 좋아,일상
헬스장에 사람들이 몸이 다 좋아,일상
헬스장에 사람이 엄청 많음,일상
헬스장에 운동 오는 사람 많네,일상
헬조선 떠나고 싶다,일상
현금만 써야겠다.,일상
현금만 쓸까봐,일상
현금영수증 까먹었다.,일상
현금영수증 또 까먹었다,일상
현금영수증 안했다,일상
현금영수증 잊어 먹었어,일상
현실에서 도망치고 싶어,일상
현재를 즐기면서 살고 싶다.,일상
호감 가는 인상,일상
호텔 로비에서 소개팅하기로했어,일상
호텔에서 소개팅하기로했어,일상
혼밥 먹는 중,일상
혼밥이라도 먹어야지,일상
혼밥하고 있어,일상
혼수 비싸겠지,일상
혼수 얼마나 들까?,일상
혼수 얼마야?,일상
혼수 준비하는데 돈 많이 들겠지,일상
혼술 중,일상
혼술하고 있어,일상
혼영해야지,일상
혼자 노래방 가면 어색할 거 같은데,일상
혼자 사는 거도 괜찮을 것 같아,일상
혼자 사는 거도 나쁘지 않은 듯,일상
혼자 살 수 있을까,일상
혼자 살고 싶다,일상
혼자 살아도 될까,일상
혼자 살아야 할 듯,일상
혼자 앞서서 생각해,일상
혼자 여행 가도 괜찮을까?,일상
혼자 여행 괜찮을까?,일상
혼자 여행 왔어,일상
혼자 영화나 봐야겠다.,일상
혼자 영화보러 왔어,일상
혼자 있고 싶다,일상
혼자 있으니까 편하네,일상
혼자 있으니까 혼자 할게 많네,일상
혼자 자유 여행 가는 거 괜찮을까,일상
혼자 잘 살 수 있을까?,일상
혼자 축구 보는 중,일상
혼자 해야 돼,일상
혼자 해야되는게 너무 많네,일상
혼자가 편하대,일상
혼자가 편해,일상
혼자라서 너무 좋아,일상
혼자만의 시간을 갖고 싶어,일상
혼자서도 잘해요,일상
홈쇼핑에서 또 샀어,일상
홈쇼핑에서 자꾸 사게되네,일상
화 잘 내는 법,일상
화 참으려면 어떻게 하지?,일상
화 참을 때 어떻게 하지?,일상
화내는법을 모르겠어,일상
화를 내는 법을 알고 싶어,일상
화를 못 참겠어,일상
화를 못내,일상
화를 잘 못 참겠어,일상
화를 한 번 내는게 나을텐데,일상
화분에 뭐 심어볼까,일상
화이트데이에 뭐 선물하지,일상
화이트데이에 뭐하지,일상
화장 무너짐,일상
화장 열심히 했는데,일상
화장 잘 하고 싶다,일상
화장 좀 예쁘게 하고 싶다,일상
화장 지우고 자야하는데,일상
화장 지워야 하는데 졸려,일상
화장도 못하고 전남친 만남,일상
화장빨인가,일상
화장실 가고 싶어,일상
화장실 계속 가고 싶어,일상
화장실 급해,일상
화장실!!,일상
화장실을 못 참아,일상
화장실을 어떻게 참아?,일상
화장으로 여드름이 가려질까?,일상
화장이 안 먹네,일상
화장이 안 받네,일상
화장품 다 떨어졌어,일상
화장품 사고 싶어,일상
화장품 없어 사야 돼,일상
화장품이 필요해,일상
화장하는 동영상 보는 중,일상
화장하니까 어때?,일상
화해 어떻게 해,일상
확실한 건 뭘까?,일상
환기 좀 해야할까?,일상
환기할까?,일상
환승 가능?,일상
환승이 될까,일상
환승할까,일상
활발한 성격 갖고 싶다,일상
황당해 죽겠다.,일상
황당해서 말도 안 나와,일상
황사 심해,일상
황사땜에 눈아파,일상
회 먹어야지,일상
회 먹으러 가야겠다.,일상
회사 가기 시러,일상
회사 사람들이 아직도 불편해,일상
회사 옆에 집이 었으면,일상
회사 일이 너무 많아,일상
회사 적응할 수 있겠지?,일상
회사 체육대회 가기 싫다,일상
회사 체육대회라니,일상
회사가는 길에 매일 보는 사람 있어,일상
회사랑 집 가까우면 좋겠다,일상
회사를 차리고 싶다,일상
회사만 가면 우울해,일상
회사에 빨리 적응해야 할텐데,일상
회사에 완전체가 있어,일상
회사에 적응 잘 하고 싶어,일상
회사에 친구가 없어,일상
회사에는 왜 친구 같은 사람이 없을까,일상
회사에서 마음 놓고 말할 사람이 없어,일상
회사에서 마음 편한 사람이 없어,일상
회사에서 스트레스 받아,일상
회사에서 인정받는 방법,일상
회사에서도 친구가 필요해,일상
회사일 끝나면 아무것도 못하겠어,일상
회식 재미없어,일상
회식 좀 그만 했으면,일상
회식 했으면 좋겠다.,일상
회의 때 말 좀 잘했으면,일상
회의 망했어,일상
효율적으로 시간 보내는 방법,일상
후련하네여,일상
후련하달까,일상
후배가 나보다 잘해서 속상해,일상
후배가 너무 잘해,일상
후배보다 못해서 짜증나,일상
후회 안해야 할텐데,일상
훅 들어온다.,일상
휙 떠나고 싶다,일상
휴가 가야지,일상
휴가 고고,일상
휴가 못 쓰게 해,일상
휴가가 없어,일상
휴가를 못가,일상
휴대폰 바꿀 타이밍,일상
휴대폰 액정 깨졌어,일상
휴대폰 없이 못 살거 같아,일상
휴대폰 용량 없다,일상
휴대폰 중독인 것같아,일상
휴대폰 초기화 해야돼,일상
휴대폰 충전기도 까먹었다,일상
휴대폰이 넘 느려,일상
휴식 중,일상
휴양지 가고 싶다,일상
휴양지 추천!,일상
휴지 사야지,일상
휴지도 떨어졌네.,일상
휴학하고 싶다.,일상
휴학하는 게 나을까?,일상
휴학할까,일상
휴학해야하나?,일상
흡입했더니 졸려,일상
희망이 딱히 없어,일상
희망이 안보여,일상
희망이 없어,일상
희생양 된 느낌,일상
흰머리 나,일상
흰머리 보여,일상
힌트 좀 안주나,일상
힌트 좀 줬으면 좋겠어,일상
힘내라고 말해줘,일상
힘내야지,일상
힘든 것 좀 끝났으면,일상
힘든 시기가 지나갔으면,일상
힘든 데도 날 도와준 사람,일상
힘차게 시작,일상
